/*Table structure for table `accounts` */

DROP TABLE IF EXISTS `accounts`;

CREATE TABLE `accounts` (
  `AccNum` int(30) NOT NULL DEFAULT '0',
  `Password` varchar(255) NOT NULL DEFAULT '',
  `SecretWord` varchar(255) NOT NULL DEFAULT '',
  `accountlevel` int(30) NOT NULL,
  `muted` int(30) NOT NULL DEFAULT '0',
  `muteexpiretime` int(30) NOT NULL DEFAULT '0',
  `banned` int(30) NOT NULL DEFAULT '0',
  `banexpiretime` int(30) NOT NULL DEFAULT '0',
  PRIMARY KEY (`AccNum`)
) ENGINE=InnoDB DEFAULT CHARSET=latin1 CHECKSUM=1 DELAY_KEY_WRITE=1 ROW_FORMAT=DYNAMIC;

/*Table structure for table `item_spells` */

DROP TABLE IF EXISTS `item_spells`;

CREATE TABLE `item_spells` (
  `itemid` int(30) NOT NULL DEFAULT '0',
  `spellid` int(30) NOT NULL DEFAULT '0',
  PRIMARY KEY (`itemid`)
) ENGINE=InnoDB DEFAULT CHARSET=latin1;

/*Data for the table `item_spells` */

insert  into `item_spells`(`itemid`,`spellid`) values (195,15028),(198,15007),(207,191),(208,15006),(213,15029),(221,15006),(223,237),(364,15008);

/*Table structure for table `item_visuals` */

DROP TABLE IF EXISTS `item_visuals`;

CREATE TABLE `item_visuals` (
  `itemid` int(30) NOT NULL,
  `name` varchar(30) NOT NULL DEFAULT 'N/A',
  `sominexmale` int(30) NOT NULL DEFAULT '0',
  `sominexfemale` int(30) NOT NULL DEFAULT '0',
  `scallion` int(30) NOT NULL DEFAULT '0',
  `lurker` int(30) NOT NULL DEFAULT '0',
  `halforc` int(30) NOT NULL DEFAULT '0',
  PRIMARY KEY (`itemid`)
) ENGINE=InnoDB DEFAULT CHARSET=latin1;

/*Data for the table `item_visuals` */

insert  into `item_visuals`(`itemid`,`name`,`sominexmale`,`sominexfemale`,`scallion`,`lurker`,`halforc`) values (0,'N/A',268,289,16,352,373),(109,'leather armor',269,290,64,353,374),(112,'studded leather',269,290,64,353,374),(116,'chain mail',270,291,43,354,375),(120,'elven leather',269,290,64,353,374),(122,'scale mail',270,291,43,354,375),(123,'plate mail',271,292,48,355,376),(124,'elven chain',270,291,43,354,375),(126,'magic leather',272,293,64,356,377),(130,'magic Chain mail',270,291,43,354,375),(133,'magic Scale mail',270,291,43,354,375),(134,'magic Plate mail',271,292,48,354,376),(135,'magic Elven chain',270,291,43,354,375),(136,'magic Elven plate',271,292,48,354,376),(141,'reflective cloak',439,440,431,443,444),(142,'reflective scale',270,294,43,357,378),(143,'reflective plate',271,295,466,358,379),(151,'elemental leather',275,296,64,359,380),(152,'elemental scale',273,294,43,357,378),(153,'elemental plate',274,295,466,358,379),(163,'mystic leather',276,297,71,360,381),(164,'mystic scale',270,294,43,354,375),(165,'mystic plate',278,299,85,362,373),(174,'Mystic Bone Mail',287,308,146,371,392),(177,'Spirit Leather',277,298,78,361,382),(178,'Spirit Plate',280,301,97,364,385),(183,'Leather of Ominex',279,300,90,363,384),(184,'Ominex Plate',282,303,109,366,387),(185,'Dirus Armor',281,302,102,365,386),(186,'Moon Robe',283,304,114,367,388),(187,'Black Cloth',284,305,121,368,389),(244,'arcane robe',285,306,125,369,390),(246,'Diabolic Plate',286,307,133,370,391),(260,'Arachnid Carapace',288,309,153,371,383),(278,'magic Elven plate',271,292,48,355,376),(292,'mystic plate',278,299,85,362,383),(331,'Leather of Ominex',279,300,90,363,384),(332,'Ominex Plate',282,303,109,366,387),(358,'Spirit Leather',277,298,78,361,382),(359,'Spirit Plate',280,301,97,364,385),(360,'Spirit Leather',277,298,78,361,382),(398,'Zon Rin\'s Leather',277,298,78,361,382),(399,'Zon Rin\'s Leather',446,298,78,361,382),(403,'Demonic Leather',446,458,449,461,462),(404,'Demonic Leather',446,458,449,461,462);

/*Table structure for table `npc_loot` */

DROP TABLE IF EXISTS `npc_loot`;

CREATE TABLE `npc_loot` (
  `entry` int(30) NOT NULL DEFAULT '0',
  `itemid` int(30) NOT NULL DEFAULT '0',
  KEY `entryindex` (`entry`)
) ENGINE=InnoDB DEFAULT CHARSET=latin1;

/*Data for the table `npc_loot` */

insert  into `npc_loot`(`entry`,`itemid`) values (1,186),(2,308),(3,107),(4,208),(4,207),(4,198),(2,308),(2,308),(5,252);

/*Table structure for table `npc_proto` */

DROP TABLE IF EXISTS `npc_proto`;

CREATE TABLE `npc_proto` (
  `entry` int(30) NOT NULL AUTO_INCREMENT,
  `name` varchar(255) NOT NULL,
  `displayid` int(30) NOT NULL,
  `level` int(30) NOT NULL,
  `health` int(30) NOT NULL,
  `faction` int(30) NOT NULL DEFAULT '0',
  `meleedamage` int(30) NOT NULL DEFAULT '0',
  `exp` int(30) NOT NULL DEFAULT '100',
  `spellset` int(30) NOT NULL DEFAULT '0',
  `weapon` int(30) NOT NULL DEFAULT '0',
  `color1` int(30) NOT NULL DEFAULT '0',
  `color2` int(30) NOT NULL DEFAULT '0',
  `lootquality` int(30) NOT NULL DEFAULT '0',
  `lootentry` int(30) NOT NULL DEFAULT '0',
  `boss` int(30) NOT NULL DEFAULT '0',
  `cancharm` int(30) NOT NULL DEFAULT '0',
  PRIMARY KEY (`entry`)
) ENGINE=InnoDB AUTO_INCREMENT=56 DEFAULT CHARSET=latin1;

/*Data for the table `npc_proto` */

insert  into `npc_proto`(`entry`,`name`,`displayid`,`level`,`health`,`faction`,`meleedamage`,`exp`,`spellset`,`weapon`,`color1`,`color2`,`lootquality`,`lootentry`,`boss`,`cancharm`) values (1,'Renn',74,20,5000000,0,2250,0,1,73,0,0,0,0,2,0),(2,'Giant Bug',2,1,12,3,1,250,0,0,0,0,0,0,0,1),(3,'Skeleton',13,3,68,2,12,700,0,0,0,0,5,0,0,1),(4,'Wizard',22,5,70,2,15,800,2,2,9,9,12,0,0,1),(5,'Wizard Adept',22,22,225,2,42,6500,3,32,100,0,35,0,0,1),(6,'Gir',61,20,5000000,0,2250,0,4,416,0,0,0,0,2,0),(7,'Volucris',24,10,130,2,22,1200,5,0,0,0,8,0,0,1),(8,'Hell Hound',19,9,115,2,18,1550,5,0,0,0,0,0,0,1),(9,'Lava Imp',15,8,185,2,12,1750,0,0,0,0,19,0,0,1),(10,'Warlock',22,10,130,2,15,2100,6,2,15,0,13,0,0,1),(11,'Master Warlock',22,11,145,2,20,2500,7,2,15,0,14,0,0,1),(12,'Master Warlock',22,13,180,2,23,3500,8,2,15,0,15,0,0,1),(13,'Arachnid Queen',157,70,5000000,2,1750,75000000,9,0,0,0,1,5,1,0),(14,'Hell Knight',60,25,3600,2,150,7500,10,66,0,0,15,0,0,0),(15,'Hell Knight',60,35,7200,2,300,11000,11,66,0,0,25,0,0,0),(16,'Baraw',60,50,750000,2,1100,10000000,12,366,0,0,50,4,1,0),(17,'Daemon Animus',33,40,4800,2,20,30000,13,0,0,0,0,0,0,1),(18,'Enchantress',104,42,2000,2,120,10000,14,97,22,22,27,0,0,0),(19,'Warrior',130,45,5000,2,320,18000,15,39,18,18,25,0,0,0),(20,'Derath',53,55,1750000,2,120,30000000,16,0,0,0,50,2,1,0),(21,'Cron',419,60,5000000,2,1200,75000000,17,0,0,0,50,0,1,0),(22,'Dark Summoner',22,60,4000000,2,500,50000000,18,350,100,0,0,1,1,0),(23,'Summoned Daemon',25,60,500000,2,800,0,19,0,0,0,0,0,1,0),(24,'Daemon',141,60,4500,2,220,25000,19,0,0,0,50,0,0,0),(25,'Summoned Warlock',22,60,11000,2,100,0,20,2,28,28,0,0,0,0),(26,'Lava Imp',15,50,25000,2,450,35000,0,0,0,0,55,0,0,0),(27,'Imexic',421,60,5500000,2,900,80000000,21,0,0,0,0,0,1,0),(28,'Mummy',135,60,38000,2,500,30000,0,0,0,0,0,0,0,0),(29,'Mystic Mummy',158,60,5500000,2,1800,90000000,0,0,0,0,0,0,1,0),(30,'Kinethell',370,60,5500000,2,500,0,22,350,19,19,0,2,1,0),(31,'Enchantress',116,60,25000,2,700,30000,23,32,18,18,0,0,0,0),(32,'Nex Cleric',134,60,25000,2,500,30000,24,43,13,13,0,0,0,0),(33,'Dread Knight',60,60,5500000,2,4000,180000000,26,366,0,0,0,3,1,0),(34,'Oreseth Guard',45,60,5000000,4,1500,0,25,85,100,0,0,0,2,0),(35,'Dread Knight\'s Guard',60,60,500000,2,500,5000000,27,66,0,0,0,0,1,0),(36,'Hell Knight',60,60,45000,2,450,65000,11,66,0,0,0,0,0,0),(37,'Orc',140,60,35000,2,500,45000,0,17,0,0,0,0,0,0),(38,'Warrior',130,60,40000,2,450,30000,15,39,24,24,0,0,0,0),(39,'Osmos',130,60,6000000,2,500,0,28,0,0,0,0,0,1,0),(40,'Skeleton Darkwar',161,50,2500,2,400,14000,29,282,0,0,0,0,0,1),(41,'Skeleton Priest',160,50,1800,2,200,14000,30,52,0,0,0,0,0,1),(42,'Skeleton Warlock',159,50,1800,2,200,14000,31,52,0,0,0,0,0,1),(43,'Undead Lord',160,60,150000,2,1100,1000000,32,67,0,0,0,0,1,0),(44,'Barbarian',45,50,17500,2,750,45000,32,26,0,0,0,0,0,0),(45,'Guardian',54,50,15000,2,200,45000,33,32,24,28,0,0,0,0),(46,'Warrior',55,50,20000,2,450,45000,32,39,25,29,0,0,0,0),(47,'Yan Black\' Pet',57,50,200000,2,100,0,37,0,0,0,0,0,1,0),(48,'Yan Black',111,60,5000000,2,300,180000000,34,410,0,0,0,0,1,0),(49,'Heck',382,60,5000000,1,2500,0,4,81,100,0,0,0,2,0),(50,'Rawrlig',352,60,5000000,1,2500,0,4,81,100,0,0,0,2,0),(51,'Giant Spider',59,60,15000,2,300,40000,35,0,0,0,0,0,0,0),(52,'Overcharged Lurker',352,60,750000,2,1000,0,36,0,100,0,0,0,1,0),(53,'Pix Animus',52,62,5000,2,300,7000,0,0,0,0,0,0,0,1),(54,'Pix Malantis',162,64,7500,2,400,16000,0,0,0,0,0,0,0,1),(55,'Hell Knight Invader',60,60,1,2,0,0,0,66,0,0,0,0,0,0);

/*Table structure for table `npc_spawns` */

DROP TABLE IF EXISTS `npc_spawns`;

CREATE TABLE `npc_spawns` (
  `id` int(30) NOT NULL AUTO_INCREMENT,
  `entry` int(30) NOT NULL DEFAULT '0',
  `x` int(30) NOT NULL DEFAULT '0',
  `y` int(30) NOT NULL DEFAULT '0',
  `movetype` int(30) NOT NULL DEFAULT '0',
  PRIMARY KEY (`id`)
) ENGINE=InnoDB AUTO_INCREMENT=3788 DEFAULT CHARSET=latin1;

/*Data for the table `npc_spawns` */

insert  into `npc_spawns`(`id`,`entry`,`x`,`y`,`movetype`) values (1,1,950,1100,1),(28,2,602,1313,1),(29,2,598,1325,1),(30,2,596,1331,1),(31,2,584,1391,1),(32,2,577,1680,1),(33,2,583,1683,1),(34,2,595,1689,1),(35,2,613,1698,1),(36,2,733,1709,1),(37,2,745,1709,1),(38,2,841,1709,1),(39,2,945,1666,1),(40,2,947,1658,1),(41,2,1025,1635,1),(42,2,1037,1634,1),(43,2,1049,1632,1),(44,2,1055,1622,1),(45,2,1053,1611,1),(46,2,1047,1595,1),(47,2,1126,1563,1),(48,2,1140,1554,1),(49,2,1141,1542,1),(50,2,1135,1530,1),(51,2,1127,1520,1),(52,2,1113,1509,1),(53,3,1516,2907,0),(54,3,1545,2954,0),(55,3,1515,2944,0),(56,3,1460,2910,0),(57,3,1464,3008,0),(58,3,1538,3111,0),(59,3,1580,3034,0),(60,3,1666,2928,0),(61,3,1620,2884,0),(62,3,1913,2878,0),(63,3,1944,2938,0),(64,3,2001,2885,0),(65,3,1951,2857,0),(66,3,1866,3072,0),(67,3,1877,3117,0),(68,3,1933,3091,0),(69,3,1832,3026,0),(70,3,1938,3243,0),(71,3,1968,3333,0),(72,3,1919,3405,0),(73,3,1830,3394,0),(74,3,1873,3368,0),(75,3,1876,3310,0),(76,3,1799,3263,0),(77,3,1537,3302,0),(78,3,1597,3307,0),(79,3,1581,3226,0),(80,3,1509,3205,0),(81,3,1455,3268,0),(82,3,1720,3354,0),(83,3,1803,3268,0),(84,3,1739,3209,0),(85,3,1733,3197,0),(86,3,1729,3185,0),(87,3,1729,3173,0),(88,3,1742,3153,0),(89,3,1765,3131,0),(90,3,1738,3104,0),(91,3,1738,3068,0),(92,3,1748,3052,0),(93,3,1775,3019,0),(94,3,1763,3016,0),(95,3,1751,3015,0),(96,3,1745,3014,0),(97,3,1733,3013,0),(98,3,1721,3012,0),(99,3,1711,3006,0),(100,4,3091,5813,0),(101,4,3130,5771,0),(102,4,3110,5740,0),(103,4,3080,5736,0),(104,4,2966,5819,0),(105,4,2971,5873,0),(106,4,2937,5925,0),(107,4,2877,5975,0),(108,4,2965,6072,0),(109,4,3072,6052,0),(110,4,3171,6079,0),(111,4,3243,6004,0),(112,4,3230,5919,0),(113,4,3262,5853,0),(114,4,3219,5790,0),(115,4,3135,5874,0),(116,4,3091,5892,0),(117,4,3108,5960,0),(118,6,1101,1315,1),(119,7,12128,8050,0),(120,7,12146,8059,0),(121,7,12122,8069,0),(122,7,11992,8140,0),(123,7,11967,8122,0),(124,7,11979,8086,0),(125,7,12005,8100,0),(126,8,12127,8135,0),(127,8,12141,8113,0),(128,8,12101,8118,0),(129,8,11981,7854,0),(130,8,11964,7808,0),(131,8,12006,7790,0),(132,8,11991,8537,0),(133,8,12145,8687,0),(134,8,11987,8874,0),(135,8,12261,8861,0),(136,8,12361,8830,0),(137,8,12491,8899,0),(138,8,12407,8975,0),(139,8,12328,8932,0),(140,8,12510,8705,0),(141,8,12476,8480,0),(142,8,12383,8516,0),(143,8,12289,8552,0),(144,7,12386,8568,0),(145,7,12476,8543,0),(146,7,12423,8491,0),(147,7,12450,8840,0),(148,7,12393,8916,0),(149,7,12284,8883,0),(150,7,12289,8781,0),(151,7,12483,9206,0),(152,7,12504,9222,0),(153,7,12476,9228,0),(154,7,12493,9242,0),(156,7,12093,8710,0),(157,7,12051,8700,0),(158,7,12061,8632,0),(159,7,12089,8617,0),(160,7,12088,8534,0),(161,7,12054,8534,0),(162,7,12050,8464,0),(163,7,12091,8465,0),(164,7,12295,8282,0),(165,7,12308,8262,0),(166,7,12328,8279,0),(167,7,12311,8307,0),(168,7,12415,8297,0),(169,7,12440,8278,0),(170,7,12410,8256,0),(171,7,12394,8284,0),(172,8,12337,8213,0),(173,8,12317,8210,0),(174,8,12298,8201,0),(175,8,12272,8201,0),(176,8,12248,8209,0),(177,8,12229,8222,0),(178,8,12543,8333,0),(179,8,12516,8360,0),(180,8,12558,8360,0),(181,8,12558,8314,0),(182,8,12521,8300,0),(183,8,12527,7766,0),(184,8,12550,7797,0),(185,8,12505,7826,0),(186,8,12510,7801,0),(187,8,12541,7835,0),(188,7,12337,7854,0),(189,7,12245,7803,0),(190,7,12327,7777,0),(191,7,12240,7855,0),(192,7,12279,7778,0),(193,7,12284,7865,0),(194,7,12355,7824,0),(195,8,12299,7828,0),(196,8,12322,7814,0),(197,8,12298,7799,0),(198,8,12272,7806,0),(199,8,12268,7840,0),(200,8,12285,7854,0),(201,8,12312,7853,0),(202,8,12459,9026,0),(203,8,12477,9024,0),(204,8,12498,9022,0),(205,8,12521,9020,0),(206,8,12544,9018,0),(207,8,12366,8586,0),(208,8,12381,8586,0),(209,8,12396,8586,0),(210,8,12411,8586,0),(211,8,12426,8586,0),(212,8,12441,8586,0),(213,8,12015,7828,0),(214,8,11996,7815,0),(215,8,12004,7760,0),(216,8,12035,7763,0),(217,8,12026,7804,0),(218,7,12389,8070,0),(219,7,12390,8028,0),(220,7,12409,8028,0),(221,7,12410,8069,0),(222,7,12425,8093,0),(223,7,12425,8003,0),(224,8,12425,8051,0),(225,8,12436,8051,0),(226,8,12435,8027,0),(227,8,12425,8028,0),(228,8,12424,8064,0),(229,8,12434,8066,0),(230,8,12252,8471,0),(231,8,12232,8479,0),(232,8,12254,8446,0),(233,8,12265,8464,0),(234,8,12266,8444,0),(235,8,12261,8489,0),(236,8,12246,8494,0),(237,8,12231,8499,0),(238,8,12568,8456,0),(239,8,12552,8449,0),(240,8,12550,8470,0),(241,8,12562,8483,0),(242,8,12560,8512,0),(243,8,12542,8502,0),(244,8,12526,8474,0),(245,8,12521,8449,0),(246,7,12060,7954,0),(247,7,12101,7950,0),(248,7,12081,7924,0),(249,7,12080,7985,0),(250,8,12100,7979,0),(251,8,12099,7922,0),(252,8,12059,7924,0),(253,8,12058,7985,0),(254,8,12080,7951,0),(255,8,12120,7950,0),(256,8,12037,7953,0),(257,9,9592,6801,0),(258,9,9616,6800,0),(259,9,9638,6796,0),(260,9,9621,6764,0),(261,9,9646,6712,0),(262,9,9604,6682,0),(263,9,9633,6637,0),(264,9,9677,6700,0),(265,9,9614,6753,0),(266,9,9656,6793,0),(267,9,9669,6873,0),(268,9,9637,6933,0),(269,9,9617,6882,0),(270,9,9665,6954,0),(271,9,9655,7039,0),(272,9,9680,7077,0),(273,9,9690,6999,0),(274,9,9622,6993,0),(275,9,9669,6908,0),(276,9,9662,6830,0),(277,9,9704,7144,0),(278,9,9723,7100,0),(279,9,9662,7116,0),(280,9,9700,7057,0),(281,9,9750,7085,0),(282,9,9793,7119,0),(283,9,9733,7153,0),(284,9,9764,7121,0),(285,9,9813,7078,0),(286,9,9797,7167,0),(287,9,9785,7228,0),(288,9,9847,7213,0),(289,9,9850,7151,0),(290,9,9861,7094,0),(291,9,9896,7061,0),(292,9,9910,7116,0),(293,9,9910,7178,0),(294,9,9959,7170,0),(295,9,9956,7109,0),(296,9,10032,7143,0),(297,9,9977,7199,0),(298,9,10062,7214,0),(299,9,10102,7260,0),(300,9,10150,7244,0),(301,9,10122,7191,0),(302,9,10090,7168,0),(303,9,10088,7133,0),(304,9,10158,7138,0),(305,9,10228,7143,0),(306,9,10288,7158,0),(307,9,10216,7191,0),(308,9,10211,7241,0),(309,9,10184,7300,0),(310,9,10176,7221,0),(311,9,10254,7212,0),(312,9,10314,7230,0),(313,9,10349,7206,0),(314,9,10328,7165,0),(315,9,10320,7123,0),(316,9,10365,7107,0),(317,9,10391,7139,0),(318,9,10432,7169,0),(319,9,10410,7211,0),(320,9,10476,7218,0),(321,9,10491,7176,0),(322,9,10507,7130,0),(323,9,10475,7116,0),(324,9,10535,7160,0),(325,9,10539,7220,0),(326,9,10598,7207,0),(327,9,10587,7166,0),(328,9,10611,7104,0),(329,9,10559,7091,0),(330,9,10559,7111,0),(331,9,10555,7045,0),(332,9,10597,6973,0),(333,9,10576,6931,0),(334,9,10624,6878,0),(335,9,10607,6825,0),(336,9,10658,6772,0),(337,9,10623,6725,0),(338,9,10668,6659,0),(339,9,10637,6597,0),(340,9,10610,6515,0),(341,9,10643,6461,0),(342,9,10621,6406,0),(343,9,10673,6361,0),(344,9,10638,6299,0),(345,9,10596,6321,0),(346,9,10602,6362,0),(347,9,10681,6322,0),(348,9,10699,6295,0),(349,9,10739,6349,0),(350,9,10713,6395,0),(351,9,10689,6438,0),(352,9,10562,6244,0),(353,9,10608,6240,0),(354,9,10554,6209,0),(355,9,10483,6216,0),(356,9,10437,6192,0),(357,9,10436,6157,0),(358,9,10389,6224,0),(359,9,10336,6199,0),(360,9,10356,6147,0),(361,9,10378,6168,0),(362,9,10356,6245,0),(363,9,10283,6239,0),(364,9,10242,6199,0),(365,9,10198,6244,0),(366,9,10184,6211,0),(367,9,10169,6172,0),(368,9,10187,6140,0),(369,9,10254,6155,0),(370,9,10279,6204,0),(371,9,10127,6223,0),(372,9,10126,6161,0),(373,9,10054,6201,0),(374,9,10013,6173,0),(375,9,9970,6211,0),(376,9,9927,6191,0),(377,9,9889,6162,0),(378,9,9860,6211,0),(379,9,9793,6184,0),(380,9,9793,6238,0),(381,9,9836,6174,0),(382,9,9749,6156,0),(383,9,9740,6119,0),(384,9,9716,6186,0),(385,9,9735,6231,0),(386,9,9693,6294,0),(387,9,9649,6436,0),(388,9,9642,6551,0),(389,9,9625,6590,0),(390,9,9681,6590,0),(391,9,9630,6497,0),(392,9,9673,6464,0),(393,9,9649,6385,0),(394,9,9608,6453,0),(395,9,9623,6371,0),(396,9,9615,6325,0),(397,9,9663,6337,0),(398,9,9672,6254,0),(399,9,9636,6268,0),(400,9,9661,6195,0),(401,10,10378,6886,0),(402,10,10316,6888,0),(403,10,10344,6839,0),(404,10,10382,6790,0),(405,10,10288,6757,0),(406,10,10232,6660,0),(407,10,10292,6582,0),(408,10,10301,6480,0),(409,10,10265,6381,0),(410,10,10351,6352,0),(411,10,10457,6369,0),(412,10,10435,6479,0),(413,10,10415,6563,0),(414,10,10348,6581,0),(415,10,10425,6640,0),(416,10,9974,6605,0),(417,10,9920,6518,0),(418,10,9849,6429,0),(419,10,9849,6512,0),(420,10,9912,6806,0),(421,10,10003,6831,0),(422,10,10040,6713,0),(423,10,10019,6434,0),(424,10,10179,6371,0),(425,10,10140,6409,0),(426,10,10154,6407,0),(427,11,13061,9917,0),(428,11,13093,9893,0),(429,11,13042,9878,0),(430,11,12797,10084,0),(431,11,12829,10069,0),(432,11,12799,10032,0),(433,11,12939,10187,0),(434,11,12953,10294,0),(435,11,13047,10281,0),(436,11,13134,10316,0),(437,11,13193,10243,0),(438,11,13223,10152,0),(439,11,13197,10062,0),(440,11,13235,9969,0),(441,11,13194,9901,0),(442,11,13202,10441,0),(443,11,13251,10409,0),(444,11,12723,10290,0),(445,11,12687,10351,0),(446,11,12795,10262,0),(447,11,12846,10148,0),(448,11,12671,9937,0),(449,11,12647,9979,0),(450,11,12732,9934,0),(451,11,12736,9856,0),(452,11,12722,9877,0),(453,12,13233,6862,0),(454,12,13195,6893,0),(455,12,13003,6837,0),(456,12,13014,6781,0),(457,12,12933,6788,0),(458,12,12894,6866,0),(459,12,12691,6854,0),(460,12,12730,6777,0),(461,12,12767,6599,0),(462,12,12747,6501,0),(463,12,12786,6425,0),(464,12,12754,6364,0),(465,12,12667,6368,0),(466,12,12831,6545,0),(467,12,12933,6575,0),(468,12,13119,6578,0),(469,12,13184,6512,0),(470,12,13211,6569,0),(471,12,13206,6656,0),(789,5,12717,6672,0),(790,5,12748,6681,0),(791,5,12812,6639,0),(792,5,12745,6602,0),(793,5,12712,6547,0),(794,5,12785,6499,0),(795,5,12812,6444,0),(796,5,12805,6388,0),(797,5,12749,6346,0),(798,5,12675,6346,0),(799,5,12675,6462,0),(800,5,12757,6484,0),(801,5,12803,6512,0),(802,5,12798,6593,0),(803,5,12731,6675,0),(804,5,12698,6747,0),(805,5,12665,6802,0),(806,5,12659,6877,0),(807,5,12723,6903,0),(808,5,12770,6948,0),(809,5,12828,6918,0),(810,5,12844,6876,0),(811,5,12920,6841,0),(812,5,12953,6883,0),(813,5,12932,6916,0),(814,5,13004,6912,0),(815,5,13056,6940,0),(816,5,13106,6914,0),(817,5,13070,6872,0),(818,5,13028,6813,0),(819,5,13054,6739,0),(820,5,12980,6768,0),(821,5,12963,6823,0),(822,5,12910,6771,0),(823,5,12952,6689,0),(824,5,12975,6619,0),(825,5,12962,6572,0),(826,5,12897,6568,0),(827,5,12930,6477,0),(828,5,12901,6469,0),(829,5,12920,6377,0),(830,5,12945,6360,0),(831,5,12966,6435,0),(832,5,13024,6393,0),(833,5,13026,6468,0),(834,5,12985,6436,0),(835,5,12990,6513,0),(836,5,13039,6565,0),(837,5,13110,6529,0),(838,5,13137,6462,0),(839,5,13123,6393,0),(840,5,13161,6367,0),(841,5,13146,6452,0),(842,5,13168,6527,0),(843,5,13109,6564,0),(844,5,13111,6620,0),(845,5,13159,6642,0),(846,5,13107,6699,0),(847,5,13069,6713,0),(848,5,13142,6714,0),(849,5,13211,6719,0),(850,5,13231,6781,0),(851,5,13251,6844,0),(852,5,13201,6892,0),(853,5,13156,6934,0),(854,5,13111,6880,0),(855,5,13090,6777,0),(856,5,13121,6685,0),(857,5,13248,6429,0),(858,5,13251,6357,0),(859,5,12931,6825,0),(860,5,13004,6901,0),(861,5,12927,6917,0),(862,5,12845,6904,0),(863,5,12821,6866,0),(864,5,12823,6783,0),(865,5,12777,6700,0),(866,5,12780,6612,0),(867,5,12749,6542,0),(868,5,12791,6534,0),(869,5,12890,6484,0),(870,5,12923,6402,0),(871,5,13016,6385,0),(872,5,13048,6376,0),(873,5,13043,6460,0),(874,5,13025,6501,0),(875,19,6848,40425,0),(876,19,6878,40433,0),(877,19,6854,40450,0),(878,19,6883,40455,0),(879,18,6913,40355,0),(880,18,6824,40350,0),(881,18,6831,40531,0),(882,18,6908,40527,0),(883,18,6908,40444,0),(884,18,6828,40443,0),(885,19,6862,40171,0),(886,19,6883,40171,0),(887,19,6887,40154,0),(888,19,6863,40152,0),(889,19,6838,40151,0),(890,19,6838,40172,0),(891,19,6822,40172,0),(892,19,6819,40153,0),(893,19,6905,40153,0),(894,19,6904,40169,0),(895,19,6920,40172,0),(896,19,6921,40154,0),(897,18,6891,40129,0),(898,18,6916,40130,0),(899,18,6864,40131,0),(900,18,6841,40129,0),(901,18,6818,40130,0),(902,18,6850,40208,0),(903,18,6883,40209,0),(904,19,6849,40304,0),(905,19,6886,40305,0),(906,19,6702,40048,0),(907,19,6703,40031,0),(908,19,6704,40014,0),(909,19,6705,39997,0),(910,19,6706,39980,0),(911,19,6707,39963,0),(912,19,6708,39946,0),(913,19,6701,40068,0),(914,19,6393,40087,0),(915,19,6424,40086,0),(916,19,6425,40130,0),(917,19,6391,40130,0),(918,18,6410,40108,0),(919,18,6366,40107,0),(920,18,6448,40109,0),(921,18,6425,40064,0),(922,18,6392,40068,0),(923,18,6389,40155,0),(924,18,6426,40156,0),(925,18,6685,40003,0),(926,18,6684,40018,0),(927,18,6683,40033,0),(928,18,6684,39987,0),(929,18,6608,40345,0),(930,18,6689,40347,0),(931,18,6650,40330,0),(932,19,6669,40332,0),(933,19,6630,40330,0),(934,17,6629,40213,0),(935,17,6597,40254,0),(936,17,6633,40272,0),(937,17,6666,40247,0),(938,17,6687,40212,0),(939,17,6657,40170,0),(940,17,6611,40180,0),(941,17,6554,40176,0),(942,17,6520,40241,0),(943,17,6545,40288,0),(944,17,6534,40197,0),(945,17,6550,40140,0),(946,17,6561,40106,0),(947,17,6627,40110,0),(948,17,6698,40121,0),(949,17,6754,40146,0),(950,17,6764,40220,0),(951,17,6760,40300,0),(952,17,6723,40297,0),(953,17,6708,40251,0),(954,17,6659,40237,0),(955,17,6664,40191,0),(956,17,6693,40190,0),(957,17,6528,40470,0),(958,17,6518,40465,0),(959,17,6510,40455,0),(960,17,6507,40437,0),(961,17,6502,40428,0),(962,17,6486,40433,0),(963,17,6483,40456,0),(964,17,6487,40468,0),(965,17,6503,40477,0),(966,17,6515,40482,0),(967,17,6533,40487,0),(968,18,6390,40402,0),(969,18,6426,40404,0),(970,18,6426,40448,0),(971,18,6386,40449,0),(972,19,6390,40426,0),(973,19,6407,40427,0),(974,19,6423,40426,0),(975,19,6407,40406,0),(976,19,6405,40450,0),(977,20,6648,40168,0),(1177,17,12454,43315,0),(1178,17,12437,43252,0),(1179,17,12436,43181,0),(1180,17,12461,43140,0),(1181,17,12387,43118,0),(1182,17,12334,43128,0),(1183,17,12267,43123,0),(1184,17,12205,43141,0),(1185,17,12140,43132,0),(1186,17,12118,43075,0),(1187,17,12108,43011,0),(1188,17,12105,42947,0),(1189,17,12103,42883,0),(1190,17,12121,42817,0),(1191,17,12106,42759,0),(1192,17,12121,42696,0),(1193,17,12104,42680,0),(1194,17,12133,42614,0),(1195,17,12113,42570,0),(1196,17,12123,42509,0),(1197,17,12103,42454,0),(1198,17,12113,42386,0),(1199,17,12098,42328,0),(1200,17,12114,42263,0),(1201,17,12089,42222,0),(1202,17,12105,42162,0),(1203,17,12088,42119,0),(1204,17,12093,42074,0),(1205,17,12026,42068,0),(1206,17,11908,42067,0),(1207,17,11964,42057,0),(1208,17,11854,42055,0),(1209,17,11809,42091,0),(1210,17,11811,42161,0),(1211,17,11763,42208,0),(1212,17,11850,42224,0),(1213,17,11920,42201,0),(1214,17,11977,42242,0),(1215,17,11989,42308,0),(1216,17,11986,42382,0),(1217,17,11986,42388,0),(1218,17,11991,43087,0),(1219,17,11990,43008,0),(1220,17,11990,42943,0),(1221,17,11990,42878,0),(1222,17,11990,42871,0),(1223,17,11990,42850,0),(1224,17,11990,42720,0),(1225,17,11990,42706,0),(1226,17,11990,42646,0),(1227,17,11990,42516,0),(1228,17,11990,42321,0),(1229,17,11663,42234,0),(1230,17,11628,42273,0),(1231,17,11631,42356,0),(1232,17,11650,42487,0),(1233,17,12521,43321,0),(1234,17,12546,43311,0),(1235,17,12494,43336,0),(1236,17,12371,43319,0),(1237,17,12312,43333,0),(1238,17,12259,43320,0),(1239,17,12197,43333,0),(1240,17,12137,43314,0),(1241,17,12074,43349,0),(1242,17,12021,43327,0),(1243,17,11968,43305,0),(1244,17,11965,43250,0),(1245,17,12019,43219,0),(1246,17,12046,43199,0),(1247,17,12102,43213,0),(1248,17,12162,43199,0),(1249,17,12233,43227,0),(1250,17,12305,43207,0),(1251,17,12374,43219,0),(1252,17,12324,43198,0),(1253,17,12251,43208,0),(1254,18,12532,42941,0),(1255,18,12557,42967,0),(1256,18,12549,43020,0),(1257,18,12559,43086,0),(1258,18,12547,43154,0),(1259,18,12550,43222,0),(1260,18,12530,43242,0),(1261,18,12565,43253,0),(1262,18,12564,43223,0),(1263,18,12540,43204,0),(1264,18,12563,43193,0),(1265,18,12493,42907,0),(1266,18,12519,42886,0),(1267,18,12372,42997,0),(1268,18,12312,43010,0),(1269,18,12285,42974,0),(1270,18,12286,42922,0),(1271,18,12262,42874,0),(1272,18,12261,42814,0),(1273,18,12259,42754,0),(1274,18,12258,42694,0),(1275,18,12257,42634,0),(1276,18,12259,42575,0),(1277,18,12261,42516,0),(1278,18,12261,42510,0),(1279,18,12269,42439,0),(1280,18,12324,42429,0),(1281,18,12374,42445,0),(1282,18,12390,42511,0),(1283,18,12380,42620,0),(1284,18,12405,42582,0),(1285,18,12376,42574,0),(1286,18,12400,42634,0),(1287,18,12451,42438,0),(1288,18,12432,42407,0),(1289,18,12471,42409,0),(1290,18,12493,42448,0),(1291,18,12519,42446,0),(1292,18,12528,42488,0),(1293,18,12524,42532,0),(1294,18,12539,42585,0),(1295,18,12523,42640,0),(1296,18,12529,42696,0),(1297,18,12511,42754,0),(1298,18,12474,42762,0),(1299,18,12413,42754,0),(1300,18,12351,42779,0),(1301,18,12304,42755,0),(1302,18,12398,42778,0),(1303,18,12482,42777,0),(1344,22,53573,8573,0),(1345,5,53442,9126,0),(1346,5,53334,9116,0),(1347,5,53306,9197,0),(1348,5,53411,9268,0),(1349,5,53500,9239,0),(1350,5,53591,9209,0),(1351,5,53682,9178,0),(1352,5,53692,9096,0),(1353,5,53794,9055,0),(1354,5,53811,9125,0),(1355,5,53759,9221,0),(1356,5,53697,9260,0),(1357,5,53754,9316,0),(1358,5,53727,9373,0),(1359,5,53779,9431,0),(1360,5,53705,9490,0),(1361,5,53714,9562,0),(1362,5,53664,9612,0),(1363,5,53716,9659,0),(1364,5,53621,9670,0),(1365,5,53542,9657,0),(1366,5,53463,9644,0),(1367,5,53384,9631,0),(1368,5,53305,9618,0),(1369,5,53332,9512,0),(1370,5,53401,9524,0),(1371,5,53437,9611,0),(1372,5,53472,9699,0),(1373,5,53400,9769,0),(1374,5,53452,9816,0),(1375,5,53343,9866,0),(1376,5,53402,9915,0),(1377,5,53362,9971,0),(1378,5,53420,10044,0),(1379,5,53477,10111,0),(1380,5,53363,10122,0),(1381,5,53456,10047,0),(1382,5,53546,10038,0),(1383,5,53629,10078,0),(1384,5,53679,10126,0),(1385,5,53769,10112,0),(1386,5,53829,10059,0),(1387,5,53745,10026,0),(1388,5,53698,10035,0),(1389,5,53723,9943,0),(1390,5,53645,9931,0),(1391,5,53658,9868,0),(1392,5,53606,9813,0),(1393,5,53593,9740,0),(1394,5,53669,9681,0),(1395,5,53711,9724,0),(1396,5,53819,9725,0),(1397,5,53840,9628,0),(1398,5,53759,9579,0),(1399,5,53531,9598,0),(1402,18,53390,8891,0),(1403,18,53362,8827,0),(1404,18,53369,8748,0),(1405,18,53436,8728,0),(1406,18,53543,8806,0),(1407,18,53609,8739,0),(1408,18,53662,8687,0),(1409,18,53572,8629,0),(1410,18,53682,8603,0),(1411,18,53726,8584,0),(1412,18,53791,8504,0),(1413,18,53820,8607,0),(1414,18,53798,8715,0),(1415,18,53776,8811,0),(1416,18,53717,8859,0),(1417,18,53728,8921,0),(1418,18,53806,8906,0),(1419,18,53736,8814,0),(1420,18,53641,8839,0),(1421,18,53559,8772,0),(1422,18,53628,8703,0),(1423,18,53513,8673,0),(1424,18,53432,8627,0),(1425,18,53440,8553,0),(1426,18,53340,8503,0),(1427,18,53410,8478,0),(2475,34,15118,46584,1),(2476,34,14976,46795,1),(2477,34,15159,46908,1),(2478,34,15352,46819,1),(2479,34,15400,46538,1),(2480,34,15596,46488,1),(2481,34,15534,46289,1),(2482,27,59872,50028,0),(2483,26,59750,49907,0),(2484,26,59673,49875,0),(2485,26,59657,49914,0),(2486,26,59647,49974,0),(2487,26,59657,50032,0),(2488,26,59634,50101,0),(2489,26,59672,50172,0),(2490,26,59631,50243,0),(2491,26,59697,50287,0),(2492,26,59775,50315,0),(2493,26,59730,50246,0),(2494,26,59693,50174,0),(2495,26,59758,50214,0),(2496,26,59818,50283,0),(2497,26,59815,50341,0),(2498,26,59884,50358,0),(2499,26,59906,50325,0),(2500,26,59881,50275,0),(2501,26,59920,50226,0),(2502,26,59960,50177,0),(2503,26,60017,50187,0),(2504,26,60021,50241,0),(2505,26,60035,50303,0),(2506,26,59994,50367,0),(2507,26,60064,50310,0),(2508,26,60055,50251,0),(2509,26,60084,50199,0),(2510,26,60045,50164,0),(2511,26,60056,50106,0),(2512,26,60035,50054,0),(2513,26,60052,50002,0),(2514,26,60015,49969,0),(2515,26,60035,49916,0),(2516,26,59991,49880,0),(2517,26,59931,49879,0),(2518,26,59953,49830,0),(2519,26,59893,49824,0),(2520,26,59851,49868,0),(2521,26,59803,49804,0),(2522,26,59757,49840,0),(2523,26,59772,49872,0),(2524,26,59744,49792,0),(2525,26,59804,49736,0),(2526,26,59860,49753,0),(2527,26,59941,49742,0),(2528,26,59997,49810,0),(2529,26,59989,49869,0),(2530,26,60060,49881,0),(2531,26,60069,49946,0),(2532,26,60008,49980,0),(2533,26,60051,50060,0),(2534,26,60013,50260,0),(2535,26,59958,50259,0),(2536,26,59701,50216,0),(2537,26,59694,50125,0),(2538,26,59653,50036,0),(2539,26,59602,49990,0),(2540,26,59686,50003,0),(2541,26,59616,50069,0),(2542,26,59668,50129,0),(2543,26,59732,49926,0),(2544,26,59702,49822,0),(2545,26,59788,49816,0),(2546,26,59776,49768,0),(2547,26,59851,49789,0),(2548,26,59918,49811,0),(2549,33,20643,21236,0),(2550,35,20599,21237,0),(2551,35,20685,21239,0),(2552,36,20401,21299,0),(2553,36,20416,21371,0),(2554,36,20474,21413,0),(2555,36,20521,21341,0),(2556,36,20494,21291,0),(2557,36,20587,21348,0),(2558,36,20560,21422,0),(2559,36,20500,21416,0),(2560,36,20421,21448,0),(2561,36,20363,21390,0),(2562,36,20386,21560,0),(2563,36,20463,21523,0),(2564,36,20490,21469,0),(2565,36,20583,21463,0),(2566,36,20540,21537,0),(2567,36,20606,21591,0),(2568,36,20532,21622,0),(2569,36,20758,21592,0),(2570,36,20825,21544,0),(2571,36,20909,21596,0),(2572,36,20932,21508,0),(2573,36,20892,21445,0),(2574,36,20805,21408,0),(2575,36,20754,21449,0),(2576,36,20686,21434,0),(2577,36,20692,21498,0),(2578,36,20821,21321,0),(2579,36,20894,21308,0),(2580,36,20947,21253,0),(2581,36,20849,21230,0),(2582,36,20741,21212,0),(2583,36,20769,21152,0),(2584,36,20853,21139,0),(2585,36,20897,21106,0),(2586,36,20715,21101,0),(2587,36,20639,21088,0),(2588,36,20610,21134,0),(2589,36,20544,21129,0),(2590,36,20519,21080,0),(2591,36,20446,21086,0),(2592,36,20403,21150,0),(2593,36,20414,21211,0),(2594,37,8689,41548,0),(2595,37,8586,41555,0),(2596,37,8578,41653,0),(2597,37,8629,41717,0),(2598,37,8717,41765,0),(2599,37,8778,41841,0),(2600,37,8864,41814,0),(2603,37,8839,41502,0),(2604,37,8835,41576,0),(2605,37,8790,41625,0),(2606,37,8714,41604,0),(2607,37,8638,41559,0),(2608,37,8718,41486,0),(2609,37,8636,41466,0),(2610,37,8576,41463,0),(2611,37,8548,41515,0),(2612,37,8547,41592,0),(2613,37,8550,41660,0),(2614,37,8626,41710,0),(2615,37,8637,41795,0),(2616,37,8712,41869,0),(2617,37,8801,41853,0),(2618,37,8787,41818,0),(2619,37,8903,41833,0),(2620,37,8919,41465,0),(2621,37,8849,41460,0),(2622,37,8883,41508,0),(2623,37,8842,41540,0),(2624,31,54351,48326,0),(2625,31,54300,48277,0),(2626,31,54343,48216,0),(2627,31,54309,48170,0),(2628,31,54307,48109,0),(2629,31,54273,48053,0),(2630,31,54343,48021,0),(2631,31,54303,47949,0),(2632,31,54348,47897,0),(2633,31,54289,47845,0),(2634,31,54306,47788,0),(2635,31,54272,47752,0),(2636,31,54355,47724,0),(2637,31,54473,47761,0),(2638,31,54511,47736,0),(2639,31,54555,47759,0),(2640,31,54534,47817,0),(2641,31,54599,47849,0),(2642,31,54512,47893,0),(2643,31,54543,47974,0),(2644,31,54513,48045,0),(2645,31,54573,48097,0),(2646,31,54545,48165,0),(2647,31,54590,48226,0),(2648,31,54544,48274,0),(2649,31,54513,48339,0),(2650,31,54576,48346,0),(2651,31,54494,48242,0),(2652,32,54417,48329,0),(2653,32,54437,48286,0),(2654,32,54402,48283,0),(2655,32,54403,48170,0),(2656,32,54428,48169,0),(2657,32,54428,48189,0),(2658,32,54403,48191,0),(2659,32,54415,48021,0),(2660,32,54429,48021,0),(2661,32,54428,48035,0),(2662,32,54415,48037,0),(2663,32,54412,47886,0),(2664,32,54428,47887,0),(2665,32,54431,47868,0),(2666,32,54413,47869,0),(2667,32,54416,47742,0),(2668,32,54417,47808,0),(2669,38,54356,47559,0),(2670,38,54299,47569,0),(2671,38,54269,47507,0),(2672,38,54292,47439,0),(2673,38,54265,47375,0),(2674,38,54311,47319,0),(2675,38,54276,47247,0),(2676,38,54293,47181,0),(2677,38,54258,47118,0),(2678,38,54272,47045,0),(2679,38,54243,46990,0),(2680,38,54277,46931,0),(2681,38,54341,46974,0),(2682,38,54353,47029,0),(2683,38,54292,47099,0),(2684,38,54295,47185,0),(2685,38,54365,47224,0),(2686,38,54388,47304,0),(2687,38,54351,47372,0),(2688,38,54407,47451,0),(2689,38,54476,47465,0),(2690,38,54529,47434,0),(2691,38,54544,47374,0),(2692,38,54551,47315,0),(2693,38,54496,47278,0),(2694,38,54545,47215,0),(2695,38,54588,47297,0),(2696,38,54604,47389,0),(2697,38,54592,47483,0),(2698,38,54580,47577,0),(2699,38,54533,47593,0),(2700,38,54478,47613,0),(2701,38,54542,47503,0),(2704,38,54533,47134,0),(2705,38,54493,47114,0),(2706,38,54597,47106,0),(2707,38,54556,47009,0),(2708,38,54511,46984,0),(2709,30,54415,46922,0),(2710,9,10718,6674,0),(2711,9,10726,6611,0),(2712,9,10729,6529,0),(2713,9,10696,6526,0),(2714,9,10579,6520,0),(2715,9,10573,6469,0),(2716,9,10576,6392,0),(2717,9,10560,6332,0),(2718,9,10630,6257,0),(2719,9,10679,6245,0),(2720,9,10740,6300,0),(2721,9,10713,6313,0),(2722,9,10753,6359,0),(2723,43,26398,57042,0),(2724,42,26327,56875,0),(2725,42,26301,56804,0),(2726,42,26101,56846,0),(2727,42,26025,56828,0),(2728,42,25974,56906,0),(2729,42,26077,56959,0),(2730,42,26065,57217,0),(2731,42,25981,57273,0),(2732,42,26114,57312,0),(2733,42,26213,57242,0),(2734,42,26317,57295,0),(2735,42,26427,57218,0),(2736,42,26527,57278,0),(2737,41,26405,57259,0),(2738,41,26347,57223,0),(2739,41,26168,57296,0),(2740,41,26049,57254,0),(2741,41,26157,56874,0),(2742,41,26185,56789,0),(2743,41,26298,56846,0),(2744,41,26395,56820,0),(2745,41,26540,57057,0),(2746,41,26543,56982,0),(2747,42,26541,57020,0),(2748,42,26541,57096,0),(2749,40,25948,57029,0),(2750,40,25894,57037,0),(2751,40,25935,57098,0),(2752,40,26047,57099,0),(2753,40,26060,57086,0),(2754,40,26067,57070,0),(2755,40,26071,57054,0),(2756,40,26072,57040,0),(2757,40,26071,57025,0),(2758,40,26063,57010,0),(2759,40,26052,56997,0),(2760,40,26040,56985,0),(2761,40,26025,56977,0),(2762,40,26035,57114,0),(2763,40,26021,57124,0),(2764,40,25756,57047,0),(2765,40,25649,57046,0),(2766,40,25621,57144,0),(2767,40,25648,57251,0),(2768,40,25622,57344,0),(2769,40,25647,57446,0),(2770,40,25622,57492,0),(2771,44,37897,7786,0),(2772,44,37898,7870,0),(2773,44,38017,7870,0),(2774,44,38012,7777,0),(2775,45,38151,7826,0),(2776,46,38150,7805,0),(2777,46,38150,7847,0),(2778,45,38207,7782,0),(2779,45,38204,7876,0),(2780,45,38297,7826,0),(2781,45,38297,7809,0),(2782,45,38296,7843,0),(2783,46,38387,7819,0),(2784,46,38388,7836,0),(2785,46,38370,8086,0),(2786,46,38446,8089,0),(2787,46,38448,8156,0),(2788,46,38370,8155,0),(2789,45,38426,8315,0),(2790,45,38347,8339,0),(2791,45,38275,8240,0),(2792,45,38198,8336,0),(2793,45,38134,8238,0),(2794,45,38043,8337,0),(2795,45,38030,8233,0),(2796,45,37921,8255,0),(2797,46,38256,8335,0),(2798,46,38197,8240,0),(2799,46,38121,8337,0),(2800,46,38061,8236,0),(2801,46,37902,8326,0),(2802,46,38010,8205,0),(2803,46,37929,8205,0),(2804,45,37972,8183,0),(2805,45,37970,8113,0),(2806,46,37955,8181,0),(2807,46,37987,8182,0),(2808,39,37969,7992,0),(2809,26,59516,49951,0),(2810,26,59475,49958,0),(2811,26,59452,49927,0),(2812,26,59415,49920,0),(2813,26,59384,49887,0),(2814,26,59345,49883,0),(2815,26,59321,49847,0),(2816,26,59281,49825,0),(2817,26,59241,49800,0),(2818,26,59198,49807,0),(2819,26,59168,49787,0),(2820,26,59146,49826,0),(2821,26,59169,49833,0),(2822,26,59518,49791,0),(2823,26,59558,49804,0),(2824,26,59594,49771,0),(2825,26,59559,49759,0),(2826,26,59591,49719,0),(2827,26,59624,49720,0),(2828,26,59632,49698,0),(2829,26,59670,49739,0),(2830,26,59646,49789,0),(2831,26,59628,49846,0),(2832,26,59604,49900,0),(2833,26,59603,49953,0),(2834,26,59576,49967,0),(2835,26,59570,49925,0),(2836,26,59572,49853,0),(2837,26,59502,49750,0),(2838,26,59552,49711,0),(2839,26,59516,49692,0),(2840,26,59567,49667,0),(2841,26,59527,49645,0),(2842,26,59480,49695,0),(2843,26,59489,49736,0),(2844,26,59443,49675,0),(2845,26,59493,49634,0),(2846,26,59457,49583,0),(2847,26,59405,49564,0),(2848,26,59356,49528,0),(2849,26,59307,49492,0),(2850,26,59310,49538,0),(2851,26,59360,49579,0),(2852,26,59375,49642,0),(2853,26,59406,49645,0),(2854,26,59400,49612,0),(2855,26,59442,49638,0),(2856,26,59512,49596,0),(2857,26,59461,49549,0),(2858,26,59408,49506,0),(2859,26,59348,49468,0),(2860,26,59303,49425,0),(2861,26,59255,49380,0),(2862,26,59224,49330,0),(2863,26,59183,49371,0),(2864,26,59213,49423,0),(2865,26,59240,49500,0),(2866,26,59264,49468,0),(2867,26,59233,49411,0),(2868,26,59212,49361,0),(2869,26,59157,49285,0),(2870,26,59198,49289,0),(2871,26,59177,49318,0),(2872,26,59161,49359,0),(2873,26,59131,49314,0),(2874,26,59127,49237,0),(2875,26,59097,49208,0),(2876,26,59160,49219,0),(2877,26,59190,49259,0),(2878,26,59134,49267,0),(2879,26,59118,49185,0),(2880,26,59058,49164,0),(2881,26,59067,49128,0),(2882,26,59014,49110,0),(2883,26,58993,49079,0),(2884,26,58966,49081,0),(2885,26,58955,49046,0),(2886,26,59895,49712,0),(2887,26,59874,49729,0),(2888,26,59848,49710,0),(2889,26,59809,49692,0),(2890,26,59868,49663,0),(2891,26,59810,49648,0),(2892,26,59875,49629,0),(2893,26,59924,49670,0),(2894,26,59931,49637,0),(2895,26,59870,49608,0),(2896,26,59810,49615,0),(2897,26,59846,49642,0),(2898,26,59785,49661,0),(2899,26,59811,49579,0),(2900,26,59803,49526,0),(2901,26,59753,49501,0),(2902,26,59719,49515,0),(2903,26,59692,49481,0),(2904,26,59790,49465,0),(2905,26,59834,49497,0),(2906,26,59845,49548,0),(2907,26,59886,49593,0),(2908,26,59851,49601,0),(2909,26,59916,49565,0),(2910,26,59907,49523,0),(2911,26,59889,49528,0),(2912,26,59896,49463,0),(2913,26,59905,49422,0),(2914,26,59858,49396,0),(2915,26,59925,49331,0),(2916,26,59932,49292,0),(2917,26,59969,49228,0),(2918,26,59911,49274,0),(2919,26,59976,49279,0),(2920,26,59956,49336,0),(2921,26,59907,49346,0),(2922,26,59894,49393,0),(2923,26,60002,49342,0),(2924,26,60040,49370,0),(2925,26,60088,49389,0),(2926,26,60157,49422,0),(2927,26,60210,49437,0),(2928,26,60279,49404,0),(2929,26,60323,49364,0),(2930,26,60329,49331,0),(2931,26,60366,49351,0),(2932,26,60349,49378,0),(2933,26,59867,49368,0),(2934,26,59878,49313,0),(2935,26,59925,49230,0),(2936,26,59919,49168,0),(2937,26,59981,49161,0),(2938,26,59960,49183,0),(2939,26,59987,49122,0),(2940,26,59938,49111,0),(2941,26,59946,49063,0),(2942,26,59922,49043,0),(2943,26,59978,49052,0),(2944,26,59968,49083,0),(2945,26,60005,49095,0),(2946,26,59944,49019,0),(2947,26,59876,49014,0),(2948,26,59834,49001,0),(2949,26,59794,49023,0),(2950,26,59768,49018,0),(2951,26,59972,48997,0),(2952,26,59952,48961,0),(2953,26,59991,48924,0),(2954,26,59949,48940,0),(2955,26,59923,48996,0),(2956,26,60002,49043,0),(2957,26,60009,48981,0),(2958,26,59995,48892,0),(2959,26,59968,48890,0),(2960,26,60028,48844,0),(2961,26,60063,48798,0),(2962,26,60091,48795,0),(2963,26,60059,48774,0),(2964,26,60052,48837,0),(2965,26,59649,49472,0),(2966,26,59665,49432,0),(2967,26,59629,49409,0),(2968,26,59609,49382,0),(2969,26,59613,49447,0),(2970,26,59588,49425,0),(2971,26,59571,49369,0),(2972,26,59564,49311,0),(2973,26,59532,49303,0),(2974,26,59521,49248,0),(2975,26,59510,49212,0),(2976,26,59499,49177,0),(2977,26,59980,49756,0),(2978,26,60036,49774,0),(2979,26,60048,49847,0),(2980,26,60113,49856,0),(2981,26,60130,49817,0),(2982,26,60100,49778,0),(2983,26,60118,49740,0),(2984,26,60168,49764,0),(2985,26,60193,49830,0),(2986,26,60159,49892,0),(2987,26,60130,49936,0),(2988,26,60203,49866,0),(2989,26,60261,49807,0),(2990,26,60238,49755,0),(2991,26,60285,49686,0),(2992,26,60225,49679,0),(2993,26,60177,49710,0),(2994,26,60292,49744,0),(2995,26,60296,49821,0),(2996,26,60331,49881,0),(2997,26,60403,49933,0),(2998,26,60465,49974,0),(2999,26,60542,49994,0),(3000,26,60614,50019,0),(3001,26,60647,49999,0),(3002,26,60629,49981,0),(3003,26,60595,50007,0),(3004,26,60319,49667,0),(3005,26,60288,49627,0),(3006,26,60351,49634,0),(3007,26,60342,49693,0),(3008,26,60321,49733,0),(3009,26,60403,49687,0),(3010,26,60376,49623,0),(3011,26,60428,49579,0),(3012,26,60444,49630,0),(3013,26,60497,49615,0),(3014,26,60547,49568,0),(3015,26,60600,49545,0),(3016,26,60666,49557,0),(3017,26,60738,49535,0),(3018,26,60787,49507,0),(3019,26,60775,49480,0),(3020,26,60738,49505,0),(3021,26,60690,49512,0),(3022,26,60647,49539,0),(3023,26,60590,49593,0),(3024,26,60508,49577,0),(3025,26,60498,49543,0),(3026,26,60470,49623,0),(3027,26,60463,49670,0),(3028,26,60383,49667,0),(3029,26,60357,49732,0),(3030,26,59811,50397,0),(3031,26,59831,50448,0),(3032,26,59782,50478,0),(3033,26,59812,50536,0),(3034,26,59778,50595,0),(3035,26,59814,50641,0),(3036,26,59751,50701,0),(3037,26,59711,50704,0),(3038,26,59743,50651,0),(3039,26,59726,50594,0),(3040,26,59756,50525,0),(3041,26,59766,50471,0),(3042,26,59585,50292,0),(3043,26,59544,50223,0),(3044,26,59512,50231,0),(3045,26,59499,50293,0),(3046,26,59433,50287,0),(3047,26,59480,50353,0),(3048,26,59457,50418,0),(3049,26,59418,50387,0),(3050,26,59379,50356,0),(3051,26,59357,50304,0),(3052,26,59366,50385,0),(3053,26,59346,50460,0),(3054,26,59328,50535,0),(3055,26,59330,50547,0),(3056,26,59380,50517,0),(3057,26,59395,50478,0),(3058,26,59331,50435,0),(3059,26,59286,50497,0),(3060,26,59283,50585,0),(3061,26,59230,50659,0),(3062,26,59240,50723,0),(3063,26,59192,50765,0),(3064,26,59197,50844,0),(3065,26,59162,50932,0),(3066,26,59190,51015,0),(3067,26,59149,51109,0),(3068,26,59125,51082,0),(3069,26,59148,51038,0),(3070,26,59119,50989,0),(3071,26,59195,50938,0),(3072,26,59214,50879,0),(3073,26,59261,50824,0),(3074,26,59233,50762,0),(3075,26,59288,50702,0),(3076,26,59280,50639,0),(3077,26,59339,50601,0),(3078,26,59356,50564,0),(3079,26,59404,50625,0),(3080,26,59475,50657,0),(3081,26,59524,50725,0),(3082,26,59589,50757,0),(3083,26,59560,50731,0),(3084,26,59106,51171,0),(3085,26,59101,51228,0),(3086,26,59080,51263,0),(3087,26,60067,50368,0),(3088,26,60135,50339,0),(3089,26,60133,50280,0),(3090,26,60150,50230,0),(3091,26,60211,50271,0),(3092,26,60206,50360,0),(3093,26,60174,50425,0),(3094,26,60123,50409,0),(3095,26,60090,50441,0),(3096,26,60132,50500,0),(3097,26,60155,50566,0),(3098,26,60095,50612,0),(3099,26,60067,50681,0),(3100,26,60035,50750,0),(3101,26,60047,50813,0),(3102,26,60105,50856,0),(3103,26,60169,50477,0),(3104,26,60230,50449,0),(3105,26,60218,50376,0),(3106,26,60273,50320,0),(3107,26,60241,50267,0),(3108,26,60330,50299,0),(3109,26,60389,50256,0),(3110,26,60433,50216,0),(3111,26,60510,50187,0),(3112,26,60556,50152,0),(3113,26,60625,50182,0),(3114,26,60651,50154,0),(3115,26,60313,50469,0),(3116,26,60268,50524,0),(3117,26,60299,50594,0),(3118,26,60219,50572,0),(3119,26,60291,50553,0),(3120,26,60314,50522,0),(3121,26,60360,50600,0),(3122,26,60367,50663,0),(3123,26,60304,50646,0),(3124,26,60341,50707,0),(3125,26,60315,50759,0),(3126,26,60402,50800,0),(3127,26,60438,50734,0),(3128,26,60388,50781,0),(3129,26,60397,50890,0),(3130,26,60453,50905,0),(3131,26,60435,50974,0),(3132,26,60464,51039,0),(3133,26,60440,51104,0),(3134,26,60489,51173,0),(3135,26,60441,51181,0),(3136,26,60491,51115,0),(3137,26,60432,51058,0),(3138,26,60467,50999,0),(3139,26,60410,50978,0),(3140,26,60437,50826,0),(3141,5,12829,6415,0),(3142,5,12837,6397,0),(3143,5,12837,6359,0),(3144,5,12804,6353,0),(3145,5,12786,6353,0),(3146,5,12762,6353,0),(3147,5,12763,6383,0),(3148,5,12767,6407,0),(3149,5,12769,6425,0),(3150,5,12654,6518,0),(3151,5,12654,6545,0),(3152,5,12651,6575,0),(3153,5,12650,6599,0),(3154,5,12650,6631,0),(3155,5,12650,6655,0),(3156,5,12650,6686,0),(3157,5,12683,6699,0),(3158,5,12705,6698,0),(3159,5,12740,6691,0),(3160,5,12763,6674,0),(3161,5,13257,6518,0),(3162,5,13276,6518,0),(3163,5,13273,6500,0),(3164,5,13271,6476,0),(3165,5,13259,6458,0),(3166,5,13235,6468,0),(3167,5,13206,6476,0),(3168,5,13184,6467,0),(3169,5,13172,6443,0),(3170,5,13146,6423,0),(3171,5,13131,6434,0),(3172,5,13095,6457,0),(3173,5,13085,6484,0),(3174,5,13086,6514,0),(3175,5,13090,6544,0),(3176,5,13134,6633,0),(3177,5,13155,6663,0),(3178,5,13177,6675,0),(3179,5,13207,6678,0),(3180,5,13225,6672,0),(3181,5,13261,6664,0),(3182,5,13262,6640,0),(3183,5,13267,6610,0),(3184,5,13268,6586,0),(3185,5,13239,6560,0),(3186,5,13209,6545,0),(3187,5,13179,6535,0),(3188,5,12786,6461,0),(3189,5,12810,6452,0),(3190,5,12910,6486,0),(3191,5,12896,6449,0),(3192,5,12943,6454,0),(3193,5,12954,6450,0),(3196,5,13038,6469,0),(3197,5,13027,6492,0),(3198,5,12997,6509,0),(3199,5,12974,6506,0),(3200,2,53977,54751,1),(3201,2,53967,54792,1),(3202,2,54025,54777,1),(3203,2,54072,54738,1),(3204,2,54008,54805,1),(3205,2,54084,54802,1),(3206,2,53965,54760,1),(3207,2,53961,54726,1),(3208,2,54042,54677,1),(3209,2,54068,54466,1),(3210,2,54120,54398,1),(3217,2,55207,54829,1),(3221,3,53009,54724,0),(3222,3,53061,54732,0),(3223,3,53080,54659,0),(3224,3,53118,54693,0),(3226,3,53099,54808,0),(3227,3,53122,54874,0),(3228,3,53038,54904,0),(3229,3,53001,54836,0),(3230,3,52922,54795,0),(3231,3,52933,54871,0),(3232,3,52988,54945,0),(3233,3,52991,55021,0),(3234,3,53054,55042,0),(3235,3,53082,55126,0),(3236,3,52980,55134,0),(3237,3,52980,55223,0),(3238,3,53060,55234,0),(3239,3,53117,55268,0),(3240,3,53142,55195,0),(3242,3,52971,55279,0),(3243,3,52903,55253,0),(3244,3,52839,55224,0),(3245,3,52682,55233,0),(3246,3,52652,55182,0),(3247,3,52588,55224,0),(3248,3,52562,55155,0),(3249,3,52628,55080,0),(3250,3,52673,55005,0),(3251,3,52620,54940,0),(3252,3,52651,54866,0),(3253,3,52628,54792,0),(3254,3,52607,54884,0),(3255,3,52700,54887,0),(3256,3,52736,54803,0),(3257,3,52712,54727,0),(3258,3,52784,54676,0),(3259,3,52685,54634,0),(3260,3,52815,54808,0),(3261,3,52750,54895,0),(3262,3,52723,54968,0),(3263,3,52638,54924,0),(3264,3,52560,54864,0),(3265,3,52547,54779,0),(3266,3,52556,54704,0),(3267,3,52549,54666,0),(3268,3,52620,54636,0),(3269,3,52716,54677,0),(3270,3,52780,54754,0),(3271,49,54439,54568,1),(3272,50,54752,54528,1),(3273,14,25380,5427,0),(3274,14,25329,5452,0),(3275,14,25294,5519,0),(3276,14,25317,5579,0),(3277,14,25400,5558,0),(3278,14,25407,5484,0),(3279,14,25252,5340,0),(3280,14,25353,5296,0),(3281,14,25408,5322,0),(3282,14,25409,5231,0),(3283,14,25366,5168,0),(3284,14,25302,5211,0),(3285,14,25316,5086,0),(3286,14,25267,5007,0),(3287,14,25323,4950,0),(3288,14,25413,5032,0),(3289,14,25533,5342,0),(3290,14,25591,5443,0),(3291,14,25549,5503,0),(3292,14,25702,5341,0),(3293,14,25691,5412,0),(3294,14,25753,5467,0),(3295,14,25715,5538,0),(3296,14,25762,5564,0),(3297,14,25849,5528,0),(3298,14,25847,5441,0),(3299,14,25786,5423,0),(3300,14,25851,5375,0),(3301,14,25790,5302,0),(3302,14,25842,5237,0),(3303,14,25859,5167,0),(3304,14,25785,5144,0),(3305,14,25798,5099,0),(3306,14,25872,5028,0),(3307,14,25823,4962,0),(3308,14,25733,5025,0),(3309,15,25581,4775,0),(3310,15,25483,4683,0),(3311,15,25413,4752,0),(3312,15,25377,4825,0),(3313,15,25326,4736,0),(3314,15,25369,4659,0),(3315,15,25345,4590,0),(3316,15,25401,4524,0),(3317,15,25358,4459,0),(3318,15,25391,4391,0),(3319,15,25349,4323,0),(3320,15,25392,4250,0),(3321,15,25345,4181,0),(3322,15,25389,4106,0),(3323,15,25324,4057,0),(3324,15,25357,3994,0),(3325,15,25317,3949,0),(3326,15,25367,3896,0),(3327,15,25332,3857,0),(3328,15,25393,3803,0),(3329,15,25353,3753,0),(3330,15,25320,3630,0),(3331,15,25354,3551,0),(3332,15,25301,3584,0),(3333,15,25531,3837,0),(3334,15,25504,3909,0),(3335,15,25571,3960,0),(3336,15,25543,4044,0),(3337,15,25578,4105,0),(3338,15,25538,4176,0),(3339,15,25549,4243,0),(3340,15,25502,4309,0),(3341,15,25537,4382,0),(3342,15,25516,4465,0),(3343,15,25587,4500,0),(3344,15,25557,4584,0),(3345,15,25521,4666,0),(3346,15,25579,4703,0),(3347,15,25539,4780,0),(3348,15,25835,4844,0),(3349,15,25750,4806,0),(3350,15,25790,4758,0),(3351,15,25742,4695,0),(3352,15,25812,4644,0),(3353,15,25747,4598,0),(3354,15,25802,4526,0),(3355,15,25755,4470,0),(3356,15,25822,4407,0),(3357,15,25756,4343,0),(3358,15,25828,4280,0),(3359,15,25759,4227,0),(3360,15,25824,4165,0),(3361,15,25762,4114,0),(3362,15,25841,4058,0),(3363,15,25769,4007,0),(3364,15,25814,3947,0),(3365,15,25761,3898,0),(3366,15,25825,3825,0),(3367,15,25765,3780,0),(3368,15,25835,3712,0),(3369,15,25811,3645,0),(3370,15,25854,3587,0),(3371,15,25812,3541,0),(3372,15,25701,3748,0),(3373,15,25603,3760,0),(3374,15,25595,3807,0),(3375,15,25621,3894,0),(3376,16,25596,3551,0),(3377,51,43780,41306,0),(3378,51,43725,41292,0),(3379,51,43744,41375,0),(3380,51,43684,41442,0),(3381,51,43776,41475,0),(3382,51,43657,41502,0),(3383,51,43702,41550,0),(3384,51,43769,41528,0),(3385,51,43797,41583,0),(3386,51,43870,41541,0),(3387,51,43924,41538,0),(3388,51,43918,41490,0),(3389,51,44000,41483,0),(3390,51,43984,41547,0),(3391,51,43932,41582,0),(3392,51,44073,41569,0),(3393,51,44091,41493,0),(3394,51,44109,41424,0),(3395,51,44192,41480,0),(3396,51,44153,41496,0),(3397,51,44160,41422,0),(3398,51,44086,41350,0),(3399,51,44123,41278,0),(3400,51,44087,41222,0),(3401,51,44139,41161,0),(3402,51,44155,41215,0),(3403,51,44208,41211,0),(3404,51,44228,41292,0),(3405,51,44181,41349,0),(3406,51,44137,41103,0),(3407,51,44189,41070,0),(3408,51,44192,40990,0),(3409,51,44121,41015,0),(3410,51,44082,40962,0),(3411,51,44075,40892,0),(3412,51,44040,40837,0),(3413,51,43991,40858,0),(3414,51,43788,41219,0),(3415,51,43867,41206,0),(3416,51,43862,41162,0),(3417,51,43936,41232,0),(3418,51,43963,41189,0),(3419,51,44004,41253,0),(3420,51,44063,41257,0),(3421,51,44063,41182,0),(3422,51,43928,40823,0),(3423,51,43926,40773,0),(3424,51,43859,40807,0),(3425,51,43854,40772,0),(3426,51,43826,40842,0),(3427,51,43792,40843,0),(3428,51,43725,40849,0),(3429,51,43726,40911,0),(3430,51,43664,40946,0),(3431,51,43680,41028,0),(3432,51,43763,41082,0),(3433,51,43781,41139,0),(3434,51,43811,41167,0),(3435,51,43834,41107,0),(3436,51,43773,41031,0),(3437,51,43748,40946,0),(3438,51,43657,40897,0),(3439,51,43657,40820,0),(3440,51,43732,40800,0),(3441,51,43754,40741,0),(3442,13,43987,41047,0),(3443,21,16458,53283,0),(3444,24,16464,53727,0),(3445,24,16370,53697,0),(3446,24,16293,53601,0),(3447,24,16224,53516,0),(3448,24,16221,53421,0),(3449,24,16185,53315,0),(3450,24,16237,53295,0),(3451,24,16192,53599,0),(3452,24,16251,53694,0),(3453,24,16212,53739,0),(3454,24,16300,53801,0),(3455,24,16286,53875,0),(3456,24,16237,53939,0),(3457,24,16238,54016,0),(3458,24,16317,54080,0),(3459,24,16257,54147,0),(3460,24,16289,54209,0),(3461,24,16272,54283,0),(3462,24,16309,54345,0),(3463,24,16264,54409,0),(3464,24,16291,54471,0),(3465,24,16254,54534,0),(3466,24,16287,54592,0),(3468,24,16216,54084,0),(3469,24,16239,54738,0),(3470,24,16314,54730,0),(3471,24,16235,54816,0),(3472,24,16323,54903,0),(3473,24,16248,54951,0),(3474,24,16249,55048,0),(3475,24,16335,55013,0),(3476,24,16344,54931,0),(3477,24,16391,54849,0),(3478,24,16341,54768,0),(3479,24,16427,54773,0),(3480,24,16529,54756,0),(3481,24,16537,54658,0),(3482,24,16485,54585,0),(3483,24,16527,54506,0),(3484,24,16456,54445,0),(3485,24,16458,54361,0),(3486,24,16406,54326,0),(3487,24,16440,54241,0),(3488,24,16501,54155,0),(3489,24,16454,54069,0),(3490,24,16513,53992,0),(3491,24,16491,53895,0),(3492,24,16418,53894,0),(3493,24,16473,53773,0),(3494,24,16594,53778,0),(3495,24,16566,53676,0),(3496,24,16632,53620,0),(3497,24,16649,53541,0),(3498,24,16712,53541,0),(3499,24,16693,53432,0),(3500,24,16759,53355,0),(3501,24,16688,53279,0),(3502,24,16724,53706,0),(3503,24,16623,53716,0),(3504,24,16610,53830,0),(3505,24,16677,53891,0),(3506,24,16583,53920,0),(3507,24,16659,53982,0),(3508,24,16585,54015,0),(3509,24,16568,54109,0),(3510,24,16669,54166,0),(3511,24,16617,54229,0),(3512,24,16698,54300,0),(3513,24,16657,54387,0),(3514,24,16671,54488,0),(3515,24,16563,54488,0),(3516,24,16556,54400,0),(3517,24,16660,54665,0),(3518,24,16605,54707,0),(3519,24,16679,54781,0),(3520,24,16628,54856,0),(3521,24,16675,54928,0),(3522,24,16599,54958,0),(3523,24,16659,55057,0),(3524,24,16584,55127,0),(3525,24,16536,55076,0),(3526,24,16512,54853,0),(3527,24,16468,54904,0),(3528,24,16414,55020,0),(3529,24,16448,55112,0),(3530,24,16348,55161,0),(3531,24,16281,55094,0),(3532,24,12054,57782,0),(3533,24,11987,57761,0),(3534,24,11984,57847,0),(3535,24,11924,57784,0),(3536,24,11887,57714,0),(3537,24,11843,57750,0),(3538,24,11878,57822,0),(3539,24,11926,57850,0),(3540,24,11956,57790,0),(3541,24,11914,57748,0),(3542,24,11831,57829,0),(3543,24,11827,57904,0),(3544,24,11789,57799,0),(3545,24,11798,57714,0),(3546,24,11835,57649,0),(3547,24,11804,57578,0),(3548,24,11759,57287,0),(3549,24,11756,57236,0),(3550,24,11802,57192,0),(3551,24,11763,57173,0),(3552,24,11780,57262,0),(3553,24,11918,57435,0),(3554,24,11968,57507,0),(3555,24,11984,57582,0),(3556,24,12070,57618,0),(3557,24,12143,57660,0),(3558,24,12028,57534,0),(3559,24,12075,57459,0),(3560,24,12020,57441,0),(3561,24,12074,57371,0),(3562,24,12029,57348,0),(3563,24,12096,57311,0),(3564,24,12050,57261,0),(3565,24,12064,57196,0),(3566,24,11905,57235,0),(3567,24,11935,57286,0),(3568,24,11929,57221,0),(3569,24,11893,57171,0),(3570,24,11983,57140,0),(3571,24,11872,57127,0),(3572,24,11947,57176,0),(3573,24,12138,57337,0),(3574,24,12174,57288,0),(3575,24,12102,57226,0),(3576,24,12144,57254,0),(3577,24,12230,57447,0),(3578,24,12194,57441,0),(3579,24,12209,57523,0),(3580,24,12289,57535,0),(3581,24,12243,57613,0),(3582,24,12308,57648,0),(3583,24,12369,57669,0),(3584,24,12400,57603,0),(3585,24,12341,57554,0),(3586,24,12308,57586,0),(3587,24,12344,57614,0),(3588,24,12417,57535,0),(3589,24,12357,57491,0),(3590,24,12297,57440,0),(3591,24,12336,57394,0),(3592,24,12239,57363,0),(3593,24,12269,57377,0),(3594,24,12228,57304,0),(3595,24,12415,57826,0),(3596,24,12425,57777,0),(3597,24,12466,57804,0),(3598,24,12464,57756,0),(3599,24,12439,57836,0),(3600,24,12524,57787,0),(3601,24,12510,57735,0),(3602,24,12535,57669,0),(3603,24,12556,57742,0),(3604,24,12550,57829,0),(3605,24,12596,57814,0),(3606,24,12607,57734,0),(3607,24,12568,57696,0),(3608,24,12595,57613,0),(3609,24,12568,57606,0),(3610,24,12357,57930,0),(3611,24,12348,57900,0),(3612,24,12405,57940,0),(3613,24,12365,57964,0),(3614,24,12448,57973,0),(3615,24,12411,57998,0),(3616,24,12468,58036,0),(3617,24,12538,57989,0),(3618,24,12553,57938,0),(3619,24,12594,58019,0),(3620,24,12523,58061,0),(3621,24,12479,58123,0),(3622,24,12452,58097,0),(3623,24,12486,57996,0),(3624,24,12156,57894,0),(3625,24,12222,57925,0),(3626,24,12167,57937,0),(3627,24,12234,57993,0),(3628,24,12138,57945,0),(3629,24,12079,57982,0),(3630,24,12147,58000,0),(3631,24,12039,57958,0),(3632,24,12012,58002,0),(3633,24,12072,58046,0),(3634,24,11981,58034,0),(3635,24,12077,58084,0),(3636,24,12159,58059,0),(3637,24,12134,58027,0),(3638,24,12239,58047,0),(3639,24,12218,58099,0),(3640,24,12319,58087,0),(3641,53,58538,60109,0),(3642,53,58467,60106,0),(3643,53,58384,60073,0),(3644,53,58334,59995,0),(3645,53,58390,59926,0),(3646,53,58479,59936,0),(3647,53,58509,60032,0),(3648,53,58628,60108,0),(3649,53,58586,60039,0),(3650,53,58664,59988,0),(3651,53,58714,60070,0),(3652,53,58687,60147,0),(3653,53,58294,60148,0),(3654,53,58277,60051,0),(3655,53,58196,60072,0),(3656,53,58198,60140,0),(3657,53,58212,59959,0),(3658,53,58295,59922,0),(3659,53,58341,59842,0),(3660,53,58287,59776,0),(3661,53,58173,59741,0),(3662,53,58249,59697,0),(3665,53,58271,59589,0),(3666,53,58368,59578,0),(3667,53,58461,59593,0),(3668,53,58567,59591,0),(3669,53,58653,59578,0),(3670,53,58730,59622,0),(3671,53,58663,59690,0),(3672,53,58582,59654,0),(3673,53,58558,59746,0),(3674,53,58634,59766,0),(3675,53,58537,59848,0),(3676,53,58580,59899,0),(3677,53,58679,59901,0),(3678,53,58745,59844,0),(3679,53,58740,59916,0),(3680,53,58783,59881,0),(3681,53,58713,59774,0),(3682,5,58276,59410,0),(3683,5,58251,59333,0),(3684,5,58340,59290,0),(3685,5,58399,59395,0),(3686,5,58364,59445,0),(3687,5,58313,59371,0),(3688,5,58213,59294,0),(3689,5,58263,59218,0),(3690,5,58221,59134,0),(3691,5,58319,59068,0),(3692,5,58243,58980,0),(3693,5,58279,58912,0),(3694,5,58209,58876,0),(3695,5,58194,58931,0),(3696,5,58173,58885,0),(3697,5,58251,58887,0),(3698,5,58364,58935,0),(3699,5,58462,58988,0),(3700,5,58494,58921,0),(3701,5,58590,58932,0),(3702,5,58668,58966,0),(3703,5,58724,58908,0),(3706,5,58687,59048,0),(3707,5,58617,59037,0),(3708,5,58543,59007,0),(3709,5,58592,59087,0),(3710,5,58634,59170,0),(3711,5,58699,59194,0),(3712,5,58609,59271,0),(3713,5,58620,59348,0),(3714,5,58706,59356,0),(3715,5,58659,59422,0),(3716,5,58589,59436,0),(3717,5,58556,59377,0),(3718,5,58491,59389,0),(3719,5,58419,59344,0),(3720,5,58493,59279,0),(3721,5,58442,59191,0),(3722,5,58497,59175,0),(3723,5,58472,59122,0),(3724,5,58392,59157,0),(3725,5,58429,59076,0),(3727,7,57717,60015,0),(3728,7,57787,59937,0),(3729,7,57758,59842,0),(3730,7,57636,59847,0),(3731,7,57529,59873,0),(3732,7,57516,59967,0),(3733,7,57540,60087,0),(3734,7,57660,60085,0),(3735,7,57882,60064,0),(3736,7,57977,60089,0),(3737,7,58041,59993,0),(3740,7,57935,59844,0),(3741,7,57843,59773,0),(3742,7,57901,59683,0),(3743,7,57787,59654,0),(3744,7,57772,59550,0),(3745,7,57650,59565,0),(3746,7,57608,59647,0),(3747,7,57512,59695,0),(3748,7,57552,59764,0),(3749,7,57695,59681,0),(3750,12,57864,59758,0),(3751,12,57877,59748,0),(3752,12,57856,59739,0),(3753,12,57656,59795,0),(3754,12,57653,59775,0),(3755,12,57674,59793,0),(3756,12,57635,59811,0),(3757,12,57639,59796,0),(3758,12,57653,59816,0),(3759,12,57672,59814,0),(3760,12,57675,59775,0),(3761,12,57635,59770,0),(3764,12,57617,60064,0),(3765,12,57700,59981,0),(3766,12,57792,60028,0),(3767,12,57884,60075,0),(3768,12,57940,59996,0),(3769,12,58031,60007,0),(3770,12,58029,60075,0),(3771,34,15192,46703,1),(3772,34,14890,46549,0),(3773,34,14889,46636,0),(3774,34,14967,46629,0),(3775,34,14966,46552,0),(3776,34,14889,46591,0),(3777,34,14970,46592,0),(3778,34,14929,46551,0),(3779,34,14928,46629,0),(3780,55,14793,46513,1),(3781,55,14746,46529,1),(3782,55,14746,46441,1),(3783,55,14789,46400,1),(3784,55,14703,46435,1),(3785,55,14715,46522,1),(3786,55,14862,46504,1),(3787,55,14850,46438,1);

/*Table structure for table `npc_spells` */

DROP TABLE IF EXISTS `npc_spells`;

CREATE TABLE `npc_spells` (
  `id` int(30) NOT NULL AUTO_INCREMENT,
  `spell0` int(30) NOT NULL DEFAULT '0',
  `spell1` int(30) NOT NULL DEFAULT '0',
  `spell2` int(30) NOT NULL DEFAULT '0',
  `spell3` int(30) NOT NULL DEFAULT '0',
  `spell4` int(30) NOT NULL DEFAULT '0',
  `cooldown0` int(30) NOT NULL DEFAULT '15000',
  `cooldown1` int(30) NOT NULL DEFAULT '15000',
  `cooldown2` int(30) NOT NULL DEFAULT '15000',
  `cooldown3` int(30) NOT NULL DEFAULT '15000',
  `cooldown4` int(30) NOT NULL DEFAULT '15000',
  PRIMARY KEY (`id`)
) ENGINE=InnoDB AUTO_INCREMENT=38 DEFAULT CHARSET=latin1;

/*Data for the table `npc_spells` */

insert  into `npc_spells`(`id`,`spell0`,`spell1`,`spell2`,`spell3`,`spell4`,`cooldown0`,`cooldown1`,`cooldown2`,`cooldown3`,`cooldown4`) values (1,41,74,15009,248,15006,0,3000,3000,150,15000),(2,107,0,0,0,0,5000,15000,15000,15000,15000),(3,67,263,191,41,0,0,5000,8000,0,15000),(4,41,15007,15006,15009,191,0,8000,15000,2500,15000),(5,295,0,0,0,0,8000,15000,15000,15000,15000),(6,167,0,0,0,0,8500,15000,15000,15000,15000),(7,168,41,0,0,0,7500,0,15000,15000,15000),(8,242,41,0,0,0,5000,0,15000,15000,15000),(9,41,29,15013,0,0,0,15000,1500,15000,15000),(10,41,306,0,0,0,5000,7500,15000,15000,15000),(11,41,306,305,0,0,5000,7500,8000,15000,15000),(12,41,306,15007,305,191,5000,6000,7500,8000,500),(13,222,41,0,0,0,1000,0,15000,15000,15000),(14,41,246,71,0,0,0,2000,3000,15000,15000),(15,41,15007,0,0,0,0,5000,15000,15000,15000),(16,41,15025,15026,15019,0,0,1000,15000,20000,15000),(17,41,15010,191,15012,0,2000,8000,2000,20000,15000),(18,41,74,15014,348,0,2000,0,15000,1200,15000),(19,41,0,0,0,0,0,15000,15000,15000,15000),(20,41,69,246,0,0,0,0,0,15000,15000),(21,41,383,15018,15009,191,0,8000,10000,15000,4000),(22,41,15021,248,15027,0,0,45000,8000,30000,15000),(23,41,211,0,0,0,0,0,15000,15000,15000),(24,41,73,176,0,0,0,0,2000,15000,15000),(25,41,15006,191,15009,0,0,15000,15000,15000,15000),(26,41,0,0,0,0,15000,15000,15000,15000,15000),(27,41,15009,0,0,0,0,15000,15000,15000,15000),(28,41,191,177,203,0,0,3000,1000,400,15000),(29,41,191,15009,325,0,0,2000,5000,6000,15000),(30,41,73,176,0,0,0,0,1500,15000,15000),(31,41,73,247,15019,0,0,0,1500,12000,15000),(32,41,15009,0,0,0,0,15000,15000,15000,15000),(33,41,73,270,0,0,0,0,0,15000,15000),(34,41,328,15020,191,15007,0,2000,10000,5000,0),(35,41,0,0,0,0,0,15000,15000,15000,15000),(36,41,15022,15023,0,0,0,1000,60000,15000,15000),(37,41,15024,15024,0,0,0,5000,15000,15000,15000);

/*Table structure for table `player_items` */

DROP TABLE IF EXISTS `player_items`;

CREATE TABLE `player_items` (
  `playerid` int(30) NOT NULL DEFAULT '0',
  `itemid` int(30) NOT NULL DEFAULT '0',
  `slot` int(30) NOT NULL DEFAULT '0',
  `stack` int(30) NOT NULL DEFAULT '0',
  KEY `ind` (`playerid`)
) ENGINE=InnoDB DEFAULT CHARSET=latin1 CHECKSUM=1 DELAY_KEY_WRITE=1 ROW_FORMAT=DYNAMIC;

/*Table structure for table `players` */

DROP TABLE IF EXISTS `players`;

CREATE TABLE `players` (
  `id` int(30) NOT NULL DEFAULT '0',
  `accountid` int(30) NOT NULL DEFAULT '0',
  `name` varchar(255) NOT NULL DEFAULT '',
  `slot` int(30) NOT NULL DEFAULT '0',
  `str` int(30) NOT NULL DEFAULT '0',
  `agi` int(30) NOT NULL DEFAULT '0',
  `cons` int(30) NOT NULL DEFAULT '0',
  `int` int(30) NOT NULL DEFAULT '0',
  `wis` int(30) NOT NULL DEFAULT '0',
  `path` int(30) NOT NULL DEFAULT '0',
  `gender` int(30) NOT NULL DEFAULT '0',
  `race` int(30) NOT NULL DEFAULT '0',
  `class` int(30) NOT NULL DEFAULT '0',
  `level` int(30) NOT NULL DEFAULT '1',
  `experience` int(32) unsigned NOT NULL DEFAULT '0',
  `points` int(30) NOT NULL DEFAULT '0',
  `posx` int(30) NOT NULL DEFAULT '924',
  `posy` int(30) NOT NULL DEFAULT '1149',
  `align` int(30) NOT NULL DEFAULT '100',
  `pvplevel` int(30) NOT NULL DEFAULT '1',
  `pvpexp` int(30) unsigned NOT NULL DEFAULT '0',
  PRIMARY KEY (`id`)
) ENGINE=InnoDB DEFAULT CHARSET=latin1 CHECKSUM=1 DELAY_KEY_WRITE=1 ROW_FORMAT=DYNAMIC;

/*Table structure for table `spell_auras` */

DROP TABLE IF EXISTS `spell_auras`;

CREATE TABLE `spell_auras` (
  `id` int(30) NOT NULL AUTO_INCREMENT,
  `name` varchar(30) NOT NULL DEFAULT 'NYI',
  `slot` int(30) NOT NULL DEFAULT '0',
  `effect` int(30) NOT NULL DEFAULT '0',
  `duration` int(30) NOT NULL DEFAULT '0',
  `dispellable` int(30) NOT NULL DEFAULT '1',
  PRIMARY KEY (`id`)
) ENGINE=InnoDB AUTO_INCREMENT=16 DEFAULT CHARSET=latin1;

/*Data for the table `spell_auras` */

insert  into `spell_auras`(`id`,`name`,`slot`,`effect`,`duration`,`dispellable`) values (1,'Poison',0,1,20000,0),(2,'Teuri',1,2,600000,1),(3,'Extrudere',2,3,600000,1),(4,'Velocitas',3,4,600000,1),(5,'Robur',4,5,600000,1),(6,'Night Vision',5,6,600000,1),(7,'Invisibility',6,7,300000,1),(8,'White Pot',7,8,30000,1),(9,'Nimbus',8,9,30000,1),(10,'Flamma',9,10,30000,1),(11,'Noxa',10,11,600000,1),(12,'Almus',11,12,86400000,0),(13,'Omnimultum',12,13,600000,1),(14,'Rage Potion',13,14,45000,1),(15,'Battle Scroll',14,15,45000,1);

/*Table structure for table `spell_data` */

DROP TABLE IF EXISTS `spell_data`;

CREATE TABLE `spell_data` (
  `id` int(30) NOT NULL,
  `name` varchar(255) NOT NULL DEFAULT 'NYI',
  `level` int(30) NOT NULL DEFAULT '1',
  `targetallowedtype` int(30) NOT NULL DEFAULT '0',
  `targettype` int(30) NOT NULL DEFAULT '0',
  `casteranim` int(30) NOT NULL DEFAULT '10',
  `casteranim2` int(30) NOT NULL DEFAULT '11',
  `casterdisplay` int(30) NOT NULL DEFAULT '0',
  `display` int(30) NOT NULL DEFAULT '0',
  `deathdisplay` int(30) NOT NULL DEFAULT '0',
  `effect` int(30) NOT NULL DEFAULT '0',
  `value` int(30) NOT NULL DEFAULT '0',
  `triggerspell` int(30) NOT NULL DEFAULT '0',
  `triggervalue` int(30) NOT NULL DEFAULT '0',
  `maxtargets` int(30) NOT NULL DEFAULT '0',
  `amplitude` int(30) NOT NULL DEFAULT '0',
  `radius` int(30) NOT NULL DEFAULT '0',
  `castdelay` int(30) NOT NULL DEFAULT '100',
  `decaytime` int(30) NOT NULL DEFAULT '0',
  `duration` int(30) NOT NULL DEFAULT '0',
  PRIMARY KEY (`id`)
) ENGINE=InnoDB DEFAULT CHARSET=latin1;

/*Data for the table `spell_data` */

insert  into `spell_data`(`id`,`name`,`level`,`targetallowedtype`,`targettype`,`casteranim`,`casteranim2`,`casterdisplay`,`display`,`deathdisplay`,`effect`,`value`,`triggerspell`,`triggervalue`,`maxtargets`,`amplitude`,`radius`,`castdelay`,`decaytime`,`duration`) values (0,'No Spell',1,0,0,10,11,0,0,0,0,0,0,0,0,0,0,100,0,0),(1,'Minor Mederi',1,3,2,10,11,0,8,0,5,20,0,0,0,0,0,100,0,0),(2,'Medius Mederi',2,3,2,10,11,0,8,0,5,150,0,0,0,0,0,100,0,0),(3,'Magna Mederi',3,3,2,10,11,0,8,0,5,350,0,0,0,0,0,100,0,0),(4,'Vis Mederi',4,35,34,10,11,0,48,0,5,400,0,0,0,0,0,1500,0,0),(5,'Infinitus Mederi',5,35,34,10,11,0,48,0,5,500,0,0,0,0,0,1500,0,0),(6,'Omni Mederi',6,35,34,10,11,0,48,0,5,600,0,0,0,0,0,1500,0,0),(7,'Divinus Mederi',7,35,34,10,11,0,48,0,5,700,0,0,0,0,0,1500,0,0),(8,'Adept Mederi',8,35,34,10,11,0,48,0,5,1000,0,0,0,0,0,1500,0,0),(9,'Minor Sanatio',1,3,2,10,11,0,8,0,18,0,0,0,0,0,0,100,0,0),(10,'Tiron Sanatio',1,3,2,10,11,0,8,0,18,0,0,0,0,0,0,100,0,0),(11,'Magna Sanatio',1,3,2,10,11,0,8,0,18,0,0,0,0,0,0,100,0,0),(12,'Magnus Sanatio',1,3,2,10,11,0,48,0,18,0,0,0,0,0,0,100,0,0),(13,'Ultim Sanatio',1,3,2,10,11,0,48,0,18,0,0,0,0,0,0,100,0,0),(14,'Animus Sanatio',1,3,2,10,11,0,48,0,18,0,0,0,0,0,0,100,0,0),(15,'Infinitus Sanatio',1,3,2,10,11,0,48,0,18,0,0,0,0,0,0,100,0,0),(16,'Omni Sanatio',1,3,2,10,11,0,48,0,18,0,0,0,0,0,0,100,0,0),(17,'Divinus Sanatio',1,3,2,10,11,0,48,0,18,0,0,0,0,0,0,100,0,0),(18,'Adept Sanatio',1,3,2,10,11,0,48,0,18,0,0,0,0,0,0,100,0,0),(19,'Minor Venenum',1,2,2,10,11,0,10,0,6,5,1,0,0,0,0,100,0,0),(20,'Tiron Venenum',2,2,2,10,11,0,10,0,6,10,1,0,0,0,0,100,0,0),(21,'Medius Venenum',3,2,2,10,11,0,10,0,6,15,1,0,0,0,0,100,0,0),(22,'Magna Venenum',4,2,2,10,11,0,10,0,6,30,1,0,0,0,0,100,0,0),(23,'Maximus Venenum',5,2,2,10,11,0,10,0,6,55,1,0,0,0,0,100,0,0),(24,'Ultim Venenum',6,2,2,10,11,0,10,0,6,70,1,0,0,0,0,100,0,0),(25,'Ferocia Venenum',7,2,2,10,11,0,10,0,6,150,1,0,0,0,0,100,0,0),(26,'Infinitus Venenum',8,2,2,10,11,0,10,0,6,225,1,0,0,0,0,100,0,0),(27,'Omni Venenum',9,2,2,10,11,0,10,0,6,275,1,0,0,0,0,100,0,0),(28,'Dirus Venenum',10,2,2,10,11,0,10,0,6,350,1,0,0,0,0,100,0,0),(29,'Adept Venenum',11,2,2,10,11,0,10,0,6,425,1,0,0,0,0,100,0,0),(30,'Minor Adgredi',1,6,6,10,11,4,141,200,2,0,15000,15,0,0,0,400,0,0),(31,'Tiron Adgredi',2,6,6,10,11,4,141,200,2,0,15000,30,0,0,0,400,0,0),(32,'Medius Adgredi',3,6,6,10,11,4,141,200,2,0,15000,55,0,0,0,400,0,0),(33,'Magna Adgredi',4,6,6,10,11,4,141,200,2,0,15000,70,0,0,0,400,0,0),(34,'Maximus Adgredi',5,6,6,10,11,4,141,200,2,0,15000,150,0,0,0,400,0,0),(35,'Ultim Adgredi',6,6,6,10,11,4,141,200,2,0,15000,225,0,0,0,400,0,0),(36,'Vis Adgredi',7,6,6,10,11,4,141,200,2,0,15000,275,0,0,0,400,0,0),(37,'Infinitus Adgredi',8,6,6,10,11,4,141,200,2,0,15000,350,0,0,0,400,0,0),(38,'Omni Adgredi',9,6,6,10,11,4,141,200,2,0,15000,425,0,0,0,400,0,0),(39,'Dirus Adgredi',10,6,6,10,11,4,141,200,2,0,15000,500,0,0,0,400,0,0),(40,'Adept Adgredi',11,6,6,10,11,4,141,200,2,0,15000,600,0,0,0,400,0,0),(41,'Nocte Visus',1,1,1,10,11,0,0,0,6,1,6,0,0,0,0,100,0,0),(42,'Minor Incantare',1,2,2,10,11,0,12,0,17,0,0,0,0,0,0,100,0,0),(43,'Tiron Incantare',2,2,2,10,11,0,12,0,17,0,0,0,0,0,0,100,0,0),(44,'Medius Incantare',3,2,2,10,11,0,12,0,17,0,0,0,0,0,0,100,0,0),(45,'Magna Incantare',4,2,2,10,11,0,12,0,17,0,0,0,0,0,0,100,0,0),(46,'Maximus Incantare',5,2,2,10,11,0,12,0,17,0,0,0,0,0,0,100,0,0),(47,'Ultim Incantare',6,2,2,10,11,0,12,0,17,0,0,0,0,0,0,100,0,0),(48,'Vis Incantare',7,2,2,10,11,0,12,0,17,0,0,0,0,0,0,100,0,0),(49,'Infinitus Incantare',8,2,2,10,11,0,12,0,17,0,0,0,0,0,0,100,0,0),(50,'Omni Incantare',9,2,2,10,11,0,12,0,17,0,0,0,0,0,0,100,0,0),(51,'Dirus Incantare',10,2,2,10,11,0,12,0,17,0,0,0,0,0,0,100,0,0),(52,'Adept Incantare',11,2,2,10,11,0,12,0,17,0,0,0,0,0,0,100,0,0),(53,'Minor Tueri',1,1,1,10,11,0,12,0,6,5,2,0,0,0,0,100,0,0),(54,'Tiron Tueri',2,1,1,10,11,0,12,0,6,10,2,0,0,0,0,100,0,0),(55,'Medius Tueri',3,1,1,10,11,0,12,0,6,15,2,0,0,0,0,100,0,0),(56,'Magna Tueri',4,1,1,10,11,0,12,0,6,20,2,0,0,0,0,100,0,0),(57,'Maximus Tueri',5,1,1,10,11,0,12,0,6,25,2,0,0,0,0,100,0,0),(58,'Ultim Tueri',6,1,1,10,11,0,12,0,6,30,2,0,0,0,0,100,0,0),(59,'Vis Tueri',7,1,1,10,11,0,12,0,6,35,2,0,0,0,0,100,0,0),(60,'Infinitus Tueri',8,1,1,10,11,0,12,0,6,40,2,0,0,0,0,100,0,0),(61,'Omni Tueri',9,1,1,10,11,0,12,0,6,50,2,0,0,0,0,100,0,0),(62,'Divinus Tueri',10,1,1,10,11,0,12,0,6,60,2,0,0,0,0,100,0,0),(63,'Adept Tueri',11,1,1,10,11,0,12,0,6,75,2,0,0,0,0,100,0,0),(64,'Minor Extrudere',1,1,1,10,11,26,0,0,6,1,3,0,0,0,0,100,0,0),(65,'Tiron Extrudere',2,1,1,10,11,26,0,0,6,2,3,0,0,0,0,100,0,0),(66,'Medius Extrudere',3,1,1,10,11,26,0,0,6,3,3,0,0,0,0,100,0,0),(67,'Magna Extrudere',4,1,1,10,11,26,0,0,6,4,3,0,0,0,0,100,0,0),(68,'Maximus Extrudere',5,1,1,10,11,26,0,0,6,5,3,0,0,0,0,100,0,0),(69,'Ultim Extrudere',6,1,1,10,11,50,0,0,6,6,3,0,0,0,0,100,0,0),(70,'Animus Extrudere',7,1,1,10,11,50,0,0,6,7,3,0,0,0,0,100,0,0),(71,'Infinitus Extrudere',8,1,1,10,11,50,0,0,6,8,3,0,0,0,0,100,0,0),(72,'Omni Extrudere',9,1,1,10,11,50,0,0,6,9,3,0,0,0,0,100,0,0),(73,'Divinus Extrudere',10,1,1,10,11,50,0,0,6,10,3,0,0,0,0,100,0,0),(74,'Adept Extrudere',11,1,1,10,11,50,0,0,6,11,3,0,0,0,0,100,0,0),(75,'Minor Flamma',1,2,2,10,11,0,14,0,1,60,0,0,0,0,0,1200,0,0),(76,'Tiron Flamma',2,2,2,10,11,0,14,0,1,140,0,0,0,0,0,1100,0,0),(77,'Medius Flamma',3,2,2,10,11,0,14,0,1,200,0,0,0,0,0,950,0,0),(78,'Magna Flamma',4,2,2,10,11,0,14,0,1,250,0,0,0,0,0,850,0,0),(79,'Maximus Flamma',5,2,2,10,11,0,14,0,1,300,0,0,0,0,0,750,0,0),(80,'Ultim Flamma',6,2,2,10,11,0,14,0,1,400,0,0,0,0,0,650,0,0),(81,'Ferocia Flamma',7,2,2,10,11,0,14,0,1,450,0,0,0,0,0,600,0,0),(82,'Infinitus Flamma',8,2,2,10,11,0,14,0,1,550,0,0,0,0,0,525,0,0),(83,'Omni Flamma',9,2,2,10,11,0,14,0,1,700,0,0,0,0,0,475,0,0),(84,'Dirus Flamma',10,2,2,10,11,0,14,0,1,800,0,0,0,0,0,450,0,0),(85,'Adept Flamma',11,2,2,10,11,0,14,0,1,850,0,0,0,0,0,400,0,0),(86,'Emissarius',1,0,0,10,11,0,0,0,0,0,0,0,0,0,0,100,0,0),(87,'Emissarius Nex',1,0,0,10,11,0,0,0,0,0,0,0,0,0,0,100,0,0),(88,'Obstare Malus',1,0,0,10,11,0,0,0,0,0,0,0,0,0,0,100,0,0),(89,'Minor Velocitas',1,3,2,10,11,0,8,0,6,10,4,0,0,0,0,100,0,0),(90,'Medius Velocitas',2,3,2,10,11,0,8,0,6,20,4,0,0,0,0,100,0,0),(91,'Maximus Velocitas',3,3,2,10,11,0,8,0,6,30,4,0,0,0,0,100,0,0),(92,'Omni Velocitas',4,3,2,10,11,0,8,0,6,40,4,0,0,0,0,100,0,0),(93,'Adept Velocitas',5,3,2,10,11,0,8,0,6,75,4,0,0,0,0,100,0,0),(94,'Nonne Sera',1,0,0,10,11,0,0,0,0,0,0,0,0,0,0,100,0,0),(95,'Mutatio Nimbus',1,1,1,10,11,12,0,0,6,0,9,0,0,0,0,100,0,0),(96,'Minor Stupefacere',1,2,2,10,11,0,10,0,6,1,15,0,0,0,0,100,0,0),(97,'Tiron Stupefacere',2,2,2,10,11,0,10,0,6,2,15,0,0,0,0,100,0,0),(98,'Medius Stupefacere',3,2,2,10,11,0,10,0,6,3,15,0,0,0,0,100,0,0),(99,'Magna Stupefacere',4,2,2,10,11,0,10,0,6,4,15,0,0,0,0,100,0,0),(100,'Maximus Stupefacere',5,2,2,10,11,0,10,0,6,5,15,0,0,0,0,100,0,0),(101,'Ultim Stupefacere',6,2,2,10,11,0,10,0,6,6,15,0,0,0,0,100,0,0),(102,'Vis Stupefacere',7,2,2,10,11,0,10,0,6,7,15,0,0,0,0,100,0,0),(103,'Infin Stupefacere',8,2,2,10,11,0,10,0,6,8,15,0,0,0,0,100,0,0),(104,'Omni Stupefacere',9,2,2,10,11,0,10,0,6,9,15,0,0,0,0,100,0,0),(105,'Dirus Stupefacere',10,2,2,10,11,0,10,0,6,10,15,0,0,0,0,100,0,0),(106,'Adept Stupefacere',11,2,2,10,11,0,10,0,6,11,15,0,0,0,0,100,0,0),(107,'Minor Ignis',1,6,6,10,11,0,135,201,2,0,15000,15,0,0,0,400,0,0),(108,'Tiron Ignis',2,6,6,10,11,0,135,201,2,0,15000,30,0,0,0,400,0,0),(109,'Medius Ignis',3,6,6,10,11,0,135,201,2,0,15000,55,0,0,0,400,0,0),(110,'Magna Ignis',4,6,6,10,11,0,135,201,2,0,15000,70,0,0,0,400,0,0),(111,'Maximus Ignis',5,6,6,10,11,0,135,201,2,0,15000,150,0,0,0,400,0,0),(112,'Ultim Ignis',6,6,6,10,11,0,135,201,2,0,15000,225,0,0,0,400,0,0),(113,'Vis Ignis',7,6,6,10,11,0,135,201,2,0,15000,275,0,0,0,400,0,0),(114,'Infintius Ignis',8,6,6,10,11,0,135,201,2,0,15000,350,0,0,0,400,0,0),(115,'Omni Ignis',9,6,6,10,11,0,135,201,2,0,15000,425,0,0,0,400,0,0),(116,'Dirus Ignis',10,6,6,10,11,0,135,201,2,0,15000,500,0,0,0,400,0,0),(117,'Adept Ignis',11,6,6,10,11,0,135,201,2,0,15000,600,0,0,0,400,0,0),(118,'Minor Venenum Nimbus',1,7,7,10,11,12,202,0,4,1,15001,5,0,500,75,100,0,0),(119,'Tiron Venenum Nimbus',2,7,7,10,11,12,202,0,4,1,15001,10,0,500,75,100,0,0),(120,'Medius Venenum Nimbus',3,7,7,10,11,12,202,0,4,1,15001,15,0,500,75,100,0,0),(121,'Magna Venenum Nimbus',4,7,7,10,11,12,202,0,4,1,15001,20,0,500,75,100,0,0),(122,'Maximus Venenum Nimbus',5,7,7,10,11,12,202,0,4,1,15001,25,0,500,75,100,0,0),(123,'Ultim Venenum Nimbus',6,7,7,10,11,12,202,0,4,1,15001,30,0,500,75,100,0,0),(124,'Ferocia Venenum Nimbus',7,7,7,10,11,12,202,0,4,1,15001,45,0,500,75,100,0,0),(125,'Infinitus Venenum Nimbus',8,7,7,10,11,12,202,0,4,1,15001,50,0,500,75,100,0,0),(126,'Omni Venenum Nimbus',9,7,7,10,11,12,202,0,4,1,15001,55,0,500,75,100,0,0),(127,'Dirus Venenum Nimbus',10,7,7,10,11,12,202,0,4,1,15001,60,0,500,75,100,0,0),(128,'Adept Venenum Nimbus',11,7,7,10,11,12,202,0,4,1,15001,65,0,500,75,100,0,0),(129,'Minor Robur',1,3,2,10,11,0,12,0,6,5,5,0,0,0,0,100,0,0),(130,'Tiron Robur',2,3,2,10,11,0,12,0,6,10,5,0,0,0,0,100,0,0),(131,'Medius Robur',3,3,2,10,11,0,12,0,6,15,5,0,0,0,0,100,0,0),(132,'Magna Robur',4,3,2,10,11,0,12,0,6,20,5,0,0,0,0,100,0,0),(133,'Maximus Robur',5,3,2,10,11,0,12,0,6,23,5,0,0,0,0,100,0,0),(134,'Ultim Robur',6,3,2,10,11,0,12,0,6,25,5,0,0,0,0,100,0,0),(135,'Animus Robur',7,3,2,10,11,0,12,0,6,27,5,0,0,0,0,100,0,0),(136,'Infinitus Robur',8,3,2,10,11,0,12,0,6,30,5,0,0,0,0,100,0,0),(137,'Omni Robur',9,3,2,10,11,0,12,0,6,35,5,0,0,0,0,100,0,0),(138,'Divinus Robur',10,3,2,10,11,0,12,0,6,40,5,0,0,0,0,100,0,0),(139,'Adept Robur',11,3,2,10,11,0,12,0,6,45,5,0,0,0,0,100,0,0),(140,'Minor Glacialis Viscera',1,0,0,10,11,0,0,0,0,0,0,0,0,0,0,100,0,0),(141,'Tiron Glacialis Viscera',1,0,0,10,11,0,0,0,0,0,0,0,0,0,0,100,0,0),(142,'Medius Glacialis Viscera',1,0,0,10,11,0,0,0,0,0,0,0,0,0,0,100,0,0),(143,'Magna Glacialis Viscera',1,0,0,10,11,0,0,0,0,0,0,0,0,0,0,100,0,0),(144,'Maximus Glacialis Viscera',1,0,0,10,11,0,0,0,0,0,0,0,0,0,0,100,0,0),(145,'Ultim Glacialis Viscera',1,0,0,10,11,0,0,0,0,0,0,0,0,0,0,100,0,0),(146,'Ferocia Glacialis Viscera',1,0,0,10,11,0,0,0,0,0,0,0,0,0,0,100,0,0),(147,'Infinitus Glacialis Viscera',1,0,0,10,11,0,0,0,0,0,0,0,0,0,0,100,0,0),(148,'Omni Glacialis Viscera',1,0,0,10,11,0,0,0,0,0,0,0,0,0,0,100,0,0),(149,'Dirus Glacialis Viscera',1,0,0,10,11,0,0,0,0,0,0,0,0,0,0,100,0,0),(150,'Adept Glacialis Viscera',1,0,0,10,11,0,0,0,0,0,0,0,0,0,0,100,0,0),(151,'Sensus Scientia',1,0,0,10,11,0,0,0,0,0,0,0,0,0,0,100,0,0),(152,'Minor Flamma Ventus',1,0,0,10,11,0,0,0,0,0,0,0,0,0,0,100,0,0),(153,'Tiron Flamma Ventus',1,0,0,10,11,0,0,0,0,0,0,0,0,0,0,100,0,0),(154,'Medius Flamma Ventus',1,0,0,10,11,0,0,0,0,0,0,0,0,0,0,100,0,0),(155,'Magna Flamma Ventus',1,0,0,10,11,0,0,0,0,0,0,0,0,0,0,100,0,0),(156,'Maximus Flamma Ventus',1,0,0,10,11,0,0,0,0,0,0,0,0,0,0,100,0,0),(157,'Ultim Flamma Ventus',1,0,0,10,11,0,0,0,0,0,0,0,0,0,0,100,0,0),(158,'Vis Flamma Ventus',1,0,0,10,11,0,0,0,0,0,0,0,0,0,0,100,0,0),(159,'Infinitus Flamma Ventus',1,0,0,10,11,0,0,0,0,0,0,0,0,0,0,100,0,0),(160,'Omni Flamma Ventus',1,0,0,10,11,0,0,0,0,0,0,0,0,0,0,100,0,0),(161,'Dirus Flamma Ventus',1,0,0,10,11,0,0,0,0,0,0,0,0,0,0,100,0,0),(162,'Adept Flamma Ventus',1,0,0,10,11,0,0,0,0,0,0,0,0,0,0,100,0,0),(163,'Mutatio Flamma',1,1,1,10,11,12,0,0,6,0,10,0,0,0,0,100,0,0),(164,'Contra Magicus',1,3,2,10,11,0,30,0,11,0,0,0,0,0,0,600,0,0),(165,'Sensus Probus',1,0,0,10,11,0,0,0,0,0,0,0,0,0,0,100,0,0),(166,'Contra Visus',1,3,2,10,11,0,0,0,6,1,7,0,0,0,0,100,0,0),(167,'Minor Fulgur',1,2,2,10,11,0,250,0,3,0,15000,70,0,0,0,1200,0,0),(168,'Tiron Fulgur',2,2,2,10,11,0,250,0,3,0,15000,150,0,0,0,1100,0,0),(169,'Medius Fulgur',3,2,2,10,11,0,250,0,3,0,15000,225,0,0,0,950,0,0),(170,'Magna Fulgur',4,2,2,10,11,0,250,0,3,0,15000,275,0,0,0,850,0,0),(171,'Maximus Fulgur',5,2,2,10,11,0,250,0,3,0,15000,350,0,0,0,750,0,0),(172,'Ultim Fulgur',6,2,2,10,11,0,250,0,3,0,15000,425,0,0,0,650,0,0),(173,'Ferocia Fulgur',7,2,2,10,11,0,250,0,3,0,15000,500,0,0,0,600,0,0),(174,'Infinitus Fulgur',8,2,2,10,11,0,250,0,3,0,15000,600,0,0,0,525,0,0),(175,'Omni Fulgur',9,2,2,10,11,0,250,0,3,0,15000,875,0,0,0,475,0,0),(176,'Dirus Fulgur',10,2,2,10,11,0,250,0,3,0,15000,925,0,0,0,450,0,0),(177,'Adept Fulgur',11,2,2,10,11,0,250,0,3,0,15000,1000,0,0,0,400,0,0),(178,'Os Saltare',1,6,6,10,11,0,0,0,16,3,1,0,0,0,0,100,0,0),(179,'Reditus Cubile',1,1,1,10,11,24,0,0,14,0,0,0,0,0,0,100,0,0),(180,'Minor Glacialis Ventus',1,0,0,10,11,0,0,0,0,0,0,0,0,0,0,100,0,0),(181,'Tiron Glacialis Ventus',1,0,0,10,11,0,0,0,0,0,0,0,0,0,0,100,0,0),(182,'Medius Glacialis Ventus',1,0,0,10,11,0,0,0,0,0,0,0,0,0,0,100,0,0),(183,'Magna Glacialis Ventus',1,0,0,10,11,0,0,0,0,0,0,0,0,0,0,100,0,0),(184,'Maximus Glacialis Ventus',1,0,0,10,11,0,0,0,0,0,0,0,0,0,0,100,0,0),(185,'Ultim Glacialis Ventus',1,0,0,10,11,0,0,0,0,0,0,0,0,0,0,100,0,0),(186,'Ferocia Glacialis Ventus',1,0,0,10,11,0,0,0,0,0,0,0,0,0,0,100,0,0),(187,'Infinitus Glacialis Ventus',1,0,0,10,11,0,0,0,0,0,0,0,0,0,0,100,0,0),(188,'Omni Glacialis Ventus',1,0,0,10,11,0,0,0,0,0,0,0,0,0,0,100,0,0),(189,'Dirus Glacialis Ventus',1,0,0,10,11,0,0,0,0,0,0,0,0,0,0,100,0,0),(190,'Adept Glacialis Ventus',1,0,0,10,11,0,0,0,0,0,0,0,0,0,0,100,0,0),(191,'Pergere Trans',1,6,6,10,11,24,0,0,7,0,0,0,0,0,0,200,0,0),(192,'Arcessere Flamma',1,0,0,10,11,0,0,0,0,0,0,0,0,0,0,100,0,0),(193,'Minor Adgredi Animus',1,1,16,12,0,0,253,0,3,0,15000,25,3,0,100,1200,0,0),(194,'Tiron Adgredi Animus',2,1,16,12,0,0,253,0,3,0,15000,50,4,0,100,1100,0,0),(195,'Medius Adgredi Animus',3,1,16,12,0,0,253,0,3,0,15000,75,5,0,100,900,0,0),(196,'Magna Adgredi Animus',4,1,16,12,0,0,253,0,3,0,15000,110,6,0,100,750,0,0),(197,'Maximus Adgredi Animus',5,1,16,12,0,0,253,0,3,0,15000,150,7,0,100,650,0,0),(198,'Ultim Adgredi Animus',6,1,16,12,0,0,253,0,3,0,15000,175,8,0,100,550,0,0),(199,'Vis Adgredi Animus',7,1,16,12,0,0,253,0,3,0,15000,210,9,0,100,450,0,0),(200,'Infinitus Adgredi Animus',8,1,16,12,0,0,253,0,3,0,15000,250,10,0,100,400,0,0),(201,'Omni Adgredi Animus',9,1,16,12,0,0,253,0,3,0,15000,325,11,0,100,300,0,0),(202,'Dirus Adgredi Animus',10,1,16,12,0,0,253,0,3,0,15000,400,12,0,100,300,0,0),(203,'Adept Adgredi Animus',11,1,16,12,0,0,253,0,3,0,15000,500,13,0,100,100,0,0),(204,'Minor Tabes Viscera',1,1,16,10,11,56,58,0,1,50,0,0,0,0,100,1000,0,0),(205,'Tiron Tabes Viscera',2,1,16,10,11,56,58,0,1,100,0,0,0,0,100,1000,0,0),(206,'Medius Tabes Viscera',3,1,16,10,11,56,58,0,1,150,0,0,0,0,100,1000,0,0),(207,'Magna Tabes Viscera',4,1,16,10,11,56,58,0,1,225,0,0,0,0,100,1000,0,0),(208,'Maximus Tabes Viscera',5,1,16,10,11,56,58,0,1,300,0,0,0,0,100,1000,0,0),(209,'Ultim Tabes Viscera',6,1,16,10,11,56,58,0,1,350,0,0,0,0,100,1000,0,0),(210,'Ferocia Tabes Viscera',7,1,16,10,11,56,58,0,1,425,0,0,0,0,100,1000,0,0),(211,'Infinitus Tabes Viscera',8,1,16,10,11,56,58,0,1,500,0,0,0,0,100,1000,0,0),(212,'Omni Tabes Viscera',9,1,16,10,11,56,58,0,1,750,0,0,0,0,100,1000,0,0),(213,'Dirus Tabes Viscera',10,1,16,10,11,56,58,0,1,800,0,0,0,0,100,1000,0,0),(214,'Adept Tabes Viscera',11,1,16,10,11,56,58,0,1,900,0,0,0,0,100,1000,0,0),(215,'Multi Minor Nex',1,1,16,12,0,0,209,0,8,0,15000,50,8,0,120,700,0,0),(216,'Multi Tiron Nex',2,1,16,12,0,0,209,0,8,0,15000,100,8,0,120,700,0,0),(217,'Multi Medius Nex',3,1,16,12,0,0,209,0,8,0,15000,150,8,0,120,700,0,0),(218,'Multi Magna Nex',4,1,16,12,0,0,209,0,8,0,15000,225,8,0,120,700,0,0),(219,'Multi Maximus Nex',5,1,16,12,0,0,209,0,8,0,15000,300,8,0,120,700,0,0),(220,'Multi Ultim Nex',6,1,16,12,0,0,209,0,8,0,15000,350,8,0,120,700,0,0),(221,'Multi Animus Nex',7,1,16,12,0,0,209,0,8,0,15000,425,8,0,120,700,0,0),(222,'Multi Infinitus Nex',8,1,16,12,0,0,209,0,8,0,15000,500,8,0,120,700,0,0),(223,'Multi Omni Nex',9,1,16,12,0,0,209,0,8,0,15000,650,8,0,120,700,0,0),(224,'Multi Dirus Nex',10,1,16,12,0,0,209,0,8,0,15000,750,8,0,120,700,0,0),(225,'Multi Adept Nex',11,1,16,12,0,0,209,0,8,0,15000,800,8,0,120,700,0,0),(226,'Minor Noxa Tueri',1,1,1,10,11,26,0,0,6,5,11,0,0,0,0,100,0,0),(227,'Tiron Noxa Tueri',2,1,1,10,11,26,0,0,6,10,11,0,0,0,0,100,0,0),(228,'Medius Noxa Tueri',3,1,1,10,11,26,0,0,6,15,11,0,0,0,0,100,0,0),(229,'Magna Noxa Tueri',4,1,1,10,11,26,0,0,6,20,11,0,0,0,0,100,0,0),(230,'Maximus Noxa Tueri',5,1,1,10,11,26,0,0,6,30,11,0,0,0,0,100,0,0),(231,'Ultim Noxa Tueri',6,1,1,10,11,26,0,0,6,40,11,0,0,0,0,100,0,0),(232,'Ferocia Noxa Tueri',7,1,1,10,11,26,0,0,6,50,11,0,0,0,0,100,0,0),(233,'Infinitus Noxa Tueri',8,1,1,10,11,26,0,0,6,60,11,0,0,0,0,100,0,0),(234,'Omni Noxa Tueri',9,1,1,10,11,26,0,0,6,70,11,0,0,0,0,100,0,0),(235,'Dirus Noxa Tueri',10,1,1,10,11,26,0,0,6,80,11,0,0,0,0,100,0,0),(236,'Adept Noxa Tueri',11,1,1,10,11,26,0,0,6,90,11,0,0,0,0,100,0,0),(237,'Creare Porta',1,4,4,12,0,0,206,0,13,4,0,0,0,0,0,100,0,0),(238,'Minor Lunae Lumen Nex',1,2,2,10,11,0,251,0,3,0,15000,70,0,0,0,1200,0,0),(239,'Tiron Lunae Lumen Nex',2,2,2,10,11,0,251,0,3,0,15000,150,0,0,0,1100,0,0),(240,'Medius Lunae Lumen Nex',3,2,2,10,11,0,251,0,3,0,15000,225,0,0,0,950,0,0),(241,'Magna Lunae Lumen Nex',4,2,2,10,11,0,251,0,3,0,15000,275,0,0,0,850,0,0),(242,'Maximus Lunae Lumen Nex',5,2,2,10,11,0,251,0,3,0,15000,350,0,0,0,750,0,0),(243,'Ultim Lunae Lumen Nex',6,2,2,10,11,0,251,0,3,0,15000,425,0,0,0,650,0,0),(244,'Vis Lunae Lumen Nex',7,2,2,10,11,0,251,0,3,0,15000,500,0,0,0,600,0,0),(245,'Infinitus Lunae Lumen Nex',8,2,2,10,11,0,251,0,3,0,15000,600,0,0,0,525,0,0),(246,'Omni Lunae Lumen Nex',9,2,2,10,11,0,251,0,3,0,15000,875,0,0,0,475,0,0),(247,'Dirus Lunae Lumen Nex',10,2,2,10,11,0,251,0,3,0,15000,925,0,0,0,450,0,0),(248,'Adept Lunae Lumen Nex',11,2,2,10,11,0,251,0,3,0,15000,1000,0,0,0,400,0,0),(249,'Magnus Almus',1,3,2,10,11,0,48,0,6,0,12,0,0,0,0,100,0,0),(250,'Minor Fragor Ipsum',1,1,3,12,0,0,208,0,4,0,15001,55,0,0,75,1000,0,0),(251,'Tiron Fragor Ipsum',2,1,3,12,0,0,208,0,4,0,15001,70,0,0,75,950,0,0),(252,'Medius Fragor Ipsum',3,1,3,12,0,0,208,0,4,0,15001,150,0,0,75,850,0,0),(253,'Magna Fragor Ipsum',4,1,3,12,0,0,208,0,4,0,15001,225,0,0,75,750,0,0),(254,'Maximus Fragor Ipsum',5,1,3,12,0,0,208,0,4,0,15001,275,0,0,75,650,0,0),(255,'Ultim Fragor Ipsum',6,1,3,12,0,0,208,0,4,0,15001,350,0,0,75,650,0,0),(256,'Vis Fragor Ipsum',7,1,3,12,0,0,208,0,4,0,15001,425,0,0,75,650,0,0),(257,'Infinitus Fragor Ipsum',8,1,3,12,0,0,208,0,4,0,15001,500,0,0,75,600,0,0),(258,'Omni Fragor Ipsum',9,1,3,12,0,0,208,0,4,0,15001,600,0,0,75,550,0,0),(259,'Dirus Fragor Ipsum',10,1,3,12,0,0,208,0,4,0,15001,700,0,0,75,500,0,0),(260,'Adept Fragor Ipsum',11,1,3,12,0,0,208,0,4,0,15001,800,0,0,75,450,0,0),(261,'Minor Radius',1,2,2,10,11,0,245,0,3,0,15000,70,0,0,0,1200,0,0),(262,'Tiron Radius',2,2,2,10,11,0,245,0,3,0,15000,150,0,0,0,1100,0,0),(263,'Medius Radius',3,2,2,10,11,0,245,0,3,0,15000,225,0,0,0,950,0,0),(264,'Magna Radius',4,2,2,10,11,0,245,0,3,0,15000,275,0,0,0,850,0,0),(265,'Maximus Radius',5,2,2,10,11,0,245,0,3,0,15000,350,0,0,0,750,0,0),(266,'Ultim Radius',6,2,2,10,11,0,245,0,3,0,15000,425,0,0,0,650,0,0),(267,'Vis Radius',7,2,2,10,11,0,245,0,3,0,15000,500,0,0,0,600,0,0),(268,'Infinitus Radius',8,2,2,10,11,0,245,0,3,0,15000,600,0,0,0,525,0,0),(269,'Omni Radius',9,2,2,10,11,0,245,0,3,0,15000,784,0,0,0,475,0,0),(270,'Dirus Radius',10,2,2,10,11,0,245,0,3,0,15000,925,0,0,0,450,0,0),(271,'Adept Radius',11,2,2,10,11,0,245,0,3,0,15000,1000,0,0,0,400,0,0),(272,'Minor Omnimultum',1,1,1,10,11,62,0,0,6,1,13,0,0,0,0,100,0,0),(273,'Tiron Omnimultum',2,1,1,10,11,62,0,0,6,2,13,0,0,0,0,100,0,0),(274,'Medius Omnimultum',3,1,1,10,11,62,0,0,6,3,13,0,0,0,0,100,0,0),(275,'Magna Omnimultum',4,1,1,10,11,62,0,0,6,4,13,0,0,0,0,100,0,0),(276,'Maximus Omnimultum',5,1,1,10,11,62,0,0,6,5,13,0,0,0,0,100,0,0),(277,'Ultim Omnimultum',6,1,1,10,11,62,0,0,6,6,13,0,0,0,0,100,0,0),(278,'Vis Omnimultum',7,1,1,10,11,62,0,0,6,7,13,0,0,0,0,100,0,0),(279,'Animus Omnimultum',8,1,1,10,11,62,0,0,6,8,13,0,0,0,0,100,0,0),(280,'Infinitus Omnimultum',9,1,1,10,11,62,0,0,6,9,13,0,0,0,0,100,0,0),(281,'Divinus Omnimultum',10,1,1,10,11,62,0,0,6,10,13,0,0,0,0,100,0,0),(282,'Adept Omnimultum',11,1,1,10,11,62,0,0,6,11,13,0,0,0,0,100,0,0),(283,'Praesentis Trans',1,1,1,10,11,0,5,0,19,0,0,0,0,0,0,100,0,0),(284,'Fragor Adgredi',1,6,6,10,11,0,136,208,2,0,15001,1250,0,0,75,400,0,0),(285,'Vis Magnus Vastare',1,0,0,10,11,0,0,0,0,0,0,0,0,0,0,100,0,0),(286,'Dirus Sidus',1,0,0,10,11,0,0,0,0,0,0,0,0,0,0,100,0,0),(287,'Ferocia Nex Divinus',1,1,16,12,0,0,68,0,1,350,8,0,8,0,100,500,0,0),(288,'Infinitus Nex Divinus',2,1,16,12,0,0,68,0,1,450,8,0,8,0,100,500,0,0),(289,'Omni Nex Divinus',3,1,16,12,0,0,68,0,1,550,8,0,8,0,100,500,0,0),(290,'Dirus Nex Divinus',4,1,16,12,0,0,68,0,1,650,8,0,8,0,100,500,0,0),(291,'Adept Nex Divinus',5,1,16,12,0,0,68,0,1,750,8,0,8,0,100,500,0,0),(292,'*',1,0,0,10,11,0,0,0,0,0,0,0,0,0,0,100,0,0),(293,'Hide Skill',1,0,0,10,11,0,0,0,0,0,0,0,0,0,0,100,0,0),(294,'Blade Morph',1,0,0,10,11,0,0,0,0,0,0,0,0,0,0,100,0,0),(295,'Attack Run Minor',1,6,6,10,11,0,0,0,9,0,0,0,0,0,0,200,0,0),(296,'Attack Run Tiron',2,6,6,10,11,0,0,0,9,0,0,0,0,0,0,200,0,0),(297,'Attack Run Medius',3,6,6,10,11,0,0,0,9,0,0,0,0,0,0,200,0,0),(298,'Attack Run Magna',4,6,6,10,11,0,0,0,9,0,0,0,0,0,0,200,0,0),(299,'Attack Run Maximus',5,6,6,10,11,0,0,0,9,0,0,0,0,0,0,200,0,0),(300,'Attack Run Ultim',6,6,6,10,11,0,0,0,9,0,0,0,0,0,0,200,0,0),(301,'Attack Run Ferocia',7,6,6,10,11,0,0,0,9,0,0,0,0,0,0,200,0,0),(302,'Attack Run Infinitus',8,6,6,10,11,0,0,0,9,0,0,0,0,0,0,200,0,0),(303,'Attack Run Omni',9,6,6,10,11,0,0,0,9,0,0,0,0,0,0,200,0,0),(304,'Attack Run Dirus',10,6,6,10,11,0,0,0,9,0,0,0,0,0,0,200,0,0),(305,'Attack Run Adept',11,6,6,10,11,0,0,0,9,0,0,0,0,0,0,200,0,0),(306,'Minor Spin',1,1,16,43,44,0,1,0,10,40,0,0,0,0,25,800,0,0),(307,'Tiron Spin',2,1,16,43,44,0,1,0,10,42,0,0,0,0,25,700,0,0),(308,'Medius Spin',3,1,16,43,44,0,1,0,10,44,0,0,0,0,25,600,0,0),(309,'Magna Spin',4,1,16,43,44,0,1,0,10,46,0,0,0,0,25,500,0,0),(310,'Maximus Spin',5,1,16,43,44,0,1,0,10,48,0,0,0,0,25,500,0,0),(311,'Ultim Spin',6,1,16,43,44,0,1,0,10,50,0,0,0,0,25,500,0,0),(312,'Ferocia Spin',7,1,16,43,44,0,1,0,10,52,0,0,0,0,25,400,0,0),(313,'Infinitus Spin',8,1,16,43,44,0,1,0,10,54,0,0,0,0,25,400,0,0),(314,'Omni Spin',9,1,16,43,44,0,1,0,10,56,0,0,0,0,25,400,0,0),(315,'Dirus Spin',10,1,16,43,44,0,1,0,10,58,0,0,0,0,25,400,0,0),(316,'Adept Spin',11,1,16,43,44,0,1,0,10,60,0,0,0,0,25,400,0,0),(317,'Minor Juxta Flamma',1,1,16,10,11,16,0,0,1,55,0,0,0,0,25,1100,0,0),(318,'Tiron Juxta Flamma',2,1,16,10,11,16,0,0,1,70,0,0,0,0,25,1000,0,0),(319,'Medius Juxta Flamma',3,1,16,10,11,16,0,0,1,150,0,0,0,0,25,900,0,0),(320,'Magna Juxta Flamma',4,1,16,10,11,16,0,0,1,225,0,0,0,0,25,850,0,0),(321,'Maximus Juxta Flamma',5,1,16,10,11,16,0,0,1,275,0,0,0,0,25,800,0,0),(322,'Ultim Juxta Flamma',6,1,16,10,11,16,0,0,1,350,0,0,0,0,25,750,0,0),(323,'Ferocia Juxta Flamma',7,1,16,10,11,16,0,0,1,380,0,0,0,0,25,700,0,0),(324,'Infinitus Juxta Flamma',8,1,16,10,11,16,0,0,1,400,0,0,0,0,25,650,0,0),(325,'Omni Juxta Flamma',9,1,16,10,11,16,0,0,1,450,0,0,0,0,25,600,0,0),(326,'Dirus Juxta Flamma',10,1,16,10,11,16,0,0,1,500,0,0,0,0,25,550,0,0),(327,'Adept Juxta Flamma',11,1,16,10,11,16,0,0,1,650,0,0,0,0,25,500,0,0),(328,'Multi Shot',1,1,16,43,44,0,0,0,12,0,0,0,8,0,150,450,0,0),(329,'Minor Freeze',1,2,2,10,11,0,18,0,1,60,0,0,0,0,0,1200,0,0),(330,'Tiron Freeze',2,2,2,10,11,0,18,0,1,140,0,0,0,0,0,1100,0,0),(331,'Medius Freeze',3,2,2,10,11,0,18,0,1,200,0,0,0,0,0,950,0,0),(332,'Magna Freeze',4,2,2,10,11,0,18,0,1,250,0,0,0,0,0,850,0,0),(333,'Maximus Freeze',5,2,2,10,11,0,18,0,1,300,0,0,0,0,0,750,0,0),(334,'Ultim Freeze',6,2,2,10,11,0,18,0,1,400,0,0,0,0,0,650,0,0),(335,'Ferocia Freeze',7,2,2,10,11,0,18,0,1,450,0,0,0,0,0,600,0,0),(336,'Infinitus Freeze',8,2,2,10,11,0,18,0,1,550,0,0,0,0,0,525,0,0),(337,'Omni Freeze',9,2,2,10,11,0,18,0,1,700,0,0,0,0,0,475,0,0),(338,'Dirus Freeze',10,2,2,10,11,0,18,0,1,850,0,0,0,0,0,450,0,0),(339,'Adept Freeze',11,2,2,10,11,0,18,0,1,900,0,0,0,0,0,400,0,0),(340,'Minor Sidus',1,2,2,10,11,0,254,0,3,0,15000,70,0,0,0,1200,0,0),(341,'Tiron Sidus',2,2,2,10,11,0,254,0,3,0,15000,150,0,0,0,1100,0,0),(342,'Medius Sidus',3,2,2,10,11,0,254,0,3,0,15000,225,0,0,0,950,0,0),(343,'Magna Sidus',4,2,2,10,11,0,254,0,3,0,15000,275,0,0,0,850,0,0),(344,'Maximus Sidus',5,2,2,10,11,0,254,0,3,0,15000,350,0,0,0,750,0,0),(345,'Ultim Sidus',6,2,2,10,11,0,254,0,3,0,15000,425,0,0,0,650,0,0),(346,'Ferocia Sidus',7,2,2,10,11,0,254,0,3,0,15000,500,0,0,0,600,0,0),(347,'Infinitus Sidus',8,2,2,10,11,0,254,0,3,0,15000,600,0,0,0,525,0,0),(348,'Omni Sidus',9,2,2,10,11,0,254,0,3,0,15000,875,0,0,0,475,0,0),(349,'Dirus Sidus',10,2,2,10,11,0,254,0,3,0,15000,925,0,0,0,450,0,0),(350,'Adept Sidus',11,2,2,10,11,0,254,0,3,0,15000,1000,0,0,0,400,0,0),(351,'Minor Multi Ignis',1,0,0,10,11,0,0,0,0,0,0,0,0,0,0,100,0,0),(352,'Tiron Multi Ignis',1,0,0,10,11,0,0,0,0,0,0,0,0,0,0,100,0,0),(353,'Medius Multi Ignis',1,0,0,10,11,0,0,0,0,0,0,0,0,0,0,100,0,0),(354,'Magna Multi Ignis',1,0,0,10,11,0,0,0,0,0,0,0,0,0,0,100,0,0),(355,'Maximus Multi Ignis',1,0,0,10,11,0,0,0,0,0,0,0,0,0,0,100,0,0),(356,'Ultim Multi Ignis',1,0,0,10,11,0,0,0,0,0,0,0,0,0,0,100,0,0),(357,'Vis Multi Ignis',1,0,0,10,11,0,0,0,0,0,0,0,0,0,0,100,0,0),(358,'Infintius Multi Ignis',1,0,0,10,11,0,0,0,0,0,0,0,0,0,0,100,0,0),(359,'Omni Multi Ignis',1,0,0,10,11,0,0,0,0,0,0,0,0,0,0,100,0,0),(360,'Dirus Multi Ignis',1,0,0,10,11,0,0,0,0,0,0,0,0,0,0,100,0,0),(361,'Adept Multi Ignis',1,0,0,10,11,0,0,0,0,0,0,0,0,0,0,100,0,0),(362,'Minor Multi Glacialis',1,0,0,10,11,0,0,0,0,0,0,0,0,0,0,100,0,0),(363,'Tiron Multi Glacialis',1,0,0,10,11,0,0,0,0,0,0,0,0,0,0,100,0,0),(364,'Medius Multi Glacialis',1,0,0,10,11,0,0,0,0,0,0,0,0,0,0,100,0,0),(365,'Magna Multi Glacialis',1,0,0,10,11,0,0,0,0,0,0,0,0,0,0,100,0,0),(366,'Maximus Multi Glacialis',1,0,0,10,11,0,0,0,0,0,0,0,0,0,0,100,0,0),(367,'Ultim Multi Glacialis',1,0,0,10,11,0,0,0,0,0,0,0,0,0,0,100,0,0),(368,'Ferocia Multi Glacialis',1,0,0,10,11,0,0,0,0,0,0,0,0,0,0,100,0,0),(369,'Infinitus Multi Glacialis',1,0,0,10,11,0,0,0,0,0,0,0,0,0,0,100,0,0),(370,'Omni Multi Glacialis',1,0,0,10,11,0,0,0,0,0,0,0,0,0,0,100,0,0),(371,'Dirus Multi Glacialis',1,0,0,10,11,0,0,0,0,0,0,0,0,0,0,100,0,0),(372,'Adept Multi Glacialis',1,0,0,10,11,0,0,0,0,0,0,0,0,0,0,100,0,0),(373,'Minor Volcanus',1,2,2,10,11,0,246,0,3,0,15000,70,0,0,0,1200,0,0),(374,'Tiron Volcanus',2,2,2,10,11,0,246,0,3,0,15000,150,0,0,0,1100,0,0),(375,'Medius Volcanus',3,2,2,10,11,0,246,0,3,0,15000,225,0,0,0,950,0,0),(376,'Magna Volcanus',4,2,2,10,11,0,246,0,3,0,15000,275,0,0,0,850,0,0),(377,'Maximus Volcanus',5,2,2,10,11,0,246,0,3,0,15000,350,0,0,0,750,0,0),(378,'Ultim Volcanus',6,2,2,10,11,0,246,0,3,0,15000,425,0,0,0,650,0,0),(379,'Vis Volcanus',7,2,2,10,11,0,246,0,3,0,15000,500,0,0,0,600,0,0),(380,'Infinitus Volcanus',8,2,2,10,11,0,246,0,3,0,15000,600,0,0,0,525,0,0),(381,'Omni Volcanus',9,2,2,10,11,0,246,0,3,0,15000,875,0,0,0,475,0,0),(382,'Dirus Volcanus',10,2,2,10,11,0,246,0,3,0,15000,925,0,0,0,450,0,0),(383,'Adept Volcanus',11,2,2,10,11,0,246,0,3,0,15000,1000,0,0,0,400,0,0),(384,'Minor Frigidus',1,2,2,10,11,0,247,0,3,0,15000,70,0,0,0,1200,0,0),(385,'Tiron Frigidus',2,2,2,10,11,0,247,0,3,0,15000,150,0,0,0,1100,0,0),(386,'Medius Frigidus',3,2,2,10,11,0,247,0,3,0,15000,225,0,0,0,950,0,0),(387,'Magna Frigidus',4,2,2,10,11,0,247,0,3,0,15000,275,0,0,0,850,0,0),(388,'Maximus Frigidus',5,2,2,10,11,0,247,0,3,0,15000,350,0,0,0,750,0,0),(389,'Ultim Frigidus',6,2,2,10,11,0,247,0,3,0,15000,425,0,0,0,650,0,0),(390,'Vis Frigidus',7,2,2,10,11,0,247,0,3,0,15000,500,0,0,0,600,0,0),(391,'Infinitus Frigidus',8,2,2,10,11,0,247,0,3,0,15000,600,0,0,0,525,0,0),(392,'Omni Frigidus',9,2,2,10,11,0,247,0,3,0,15000,875,0,0,0,475,0,0),(393,'Dirus Frigidus',10,2,2,10,11,0,247,0,3,0,15000,925,0,0,0,450,0,0),(394,'Adept Frigidus',11,2,2,10,11,0,247,0,3,0,15000,1000,0,0,0,400,0,0),(395,'Double slice',1,0,0,10,11,0,0,0,0,0,0,0,0,0,0,100,0,0),(396,'Double stab',1,0,0,10,11,0,0,0,0,0,0,0,0,0,0,100,0,0),(397,'Shield Bash',1,0,0,10,11,0,0,0,0,0,0,0,0,0,0,100,0,0),(398,'Back Spin',1,0,0,10,11,0,0,0,0,0,0,0,0,0,0,100,0,0),(399,'Jump attack',1,0,0,10,11,0,0,0,0,0,0,0,0,0,0,100,0,0),(400,'Stab & slice',1,0,0,10,11,0,0,0,0,0,0,0,0,0,0,100,0,0),(401,'Bash & Stab',1,0,0,10,11,0,0,0,0,0,0,0,0,0,0,100,0,0),(402,'Tornado slice',1,0,0,10,11,0,0,0,0,0,0,0,0,0,0,100,0,0),(403,'Flame aura',1,0,0,10,11,0,0,0,0,0,0,0,0,0,0,100,0,0),(404,'Shadow aura',1,0,0,10,11,0,0,0,0,0,0,0,0,0,0,100,0,0),(405,'Omni shield',1,0,0,10,11,0,0,0,0,0,0,0,0,0,0,100,0,0),(406,'Sure hit',1,0,0,10,11,0,0,0,0,0,0,0,0,0,0,100,0,0),(407,'Berserk',1,0,0,10,11,0,0,0,0,0,0,0,0,0,0,100,0,0),(408,'Dodge',1,0,0,10,11,0,0,0,0,0,0,0,0,0,0,100,0,0),(409,'Intensity',1,0,0,10,11,0,0,0,0,0,0,0,0,0,0,100,0,0),(410,'Inner strength',1,0,0,10,11,0,0,0,0,0,0,0,0,0,0,100,0,0),(411,'Strength',1,0,0,10,11,0,0,0,0,0,0,0,0,0,0,100,0,0),(412,'Focused strength',1,0,0,10,11,0,0,0,0,0,0,0,0,0,0,100,0,0),(413,'Focused attack',1,0,0,10,11,0,0,0,0,0,0,0,0,0,0,100,0,0),(414,'Breaker',1,0,0,10,11,0,0,0,0,0,0,0,0,0,0,100,0,0),(415,'Damage shield',1,0,0,10,11,0,0,0,0,0,0,0,0,0,0,100,0,0),(416,'Spell power',1,0,0,10,11,0,0,0,0,0,0,0,0,0,0,100,0,0),(417,'Shadow power',1,0,0,10,11,0,0,0,0,0,0,0,0,0,0,100,0,0),(418,'Leech',1,0,0,10,11,0,0,0,0,0,0,0,0,0,0,100,0,0),(419,'Corrupt armor',1,0,0,10,11,0,0,0,0,0,0,0,0,0,0,100,0,0),(420,'Dull senses',1,0,0,10,11,0,0,0,0,0,0,0,0,0,0,100,0,0),(421,'Heal all',1,0,0,10,11,0,0,0,0,0,0,0,0,0,0,100,0,0),(422,'Disintegration',1,0,0,10,11,0,0,0,0,0,0,0,0,0,0,100,0,0),(423,'',1,0,0,10,11,0,0,0,0,0,0,0,0,0,0,100,0,0),(424,'',1,0,0,10,11,0,0,0,0,0,0,0,0,0,0,100,0,0),(425,'',1,0,0,10,11,0,0,0,0,0,0,0,0,0,0,100,0,0),(426,'',1,0,0,10,11,0,0,0,0,0,0,0,0,0,0,100,0,0),(427,'',1,0,0,10,11,0,0,0,0,0,0,0,0,0,0,100,0,0),(15000,'Damage Dummy (Unit)',1,2,2,10,11,0,0,0,1,0,0,0,0,0,0,100,0,0),(15001,'Damage Dummy (AOE)',1,22,16,10,11,0,0,0,1,0,0,0,0,0,0,100,0,0),(15002,'Lightning Bow Shoot Spell',1,2,2,13,14,0,102,0,2,1,15005,0,0,0,0,100,0,0),(15003,'Bow Shoot Spell',1,2,2,13,14,0,133,0,2,1,15004,0,0,0,0,100,0,0),(15004,'Bow Shoot Damage Dummy',1,2,2,10,11,0,1,0,10,100,0,0,0,0,0,100,0,0),(15005,'Lightning Bow Shoot Damage Dummy',1,2,2,10,11,0,40,0,10,100,0,0,0,0,0,100,0,0),(15006,'Wand of Mederi Effect',1,1,1,0,0,8,0,0,5,999999,0,0,0,0,0,250,0,0),(15007,'Rage Potion Effect',1,1,1,0,0,20,0,0,6,0,14,0,0,0,0,250,0,0),(15008,'Stat Respec Effect',1,1,1,0,0,0,64,0,15,0,0,0,0,0,0,100,0,0),(15009,'White Pot Effect',1,1,1,0,0,54,0,0,6,0,8,0,0,0,0,100,0,0),(15010,'Cron\'s AOE Ignis',11,1,16,0,0,0,246,0,3,0,15000,1200,0,0,150,100,0,0),(15011,'Wizard King\'s AOE Beam',11,1,16,10,11,0,245,0,3,0,15000,1200,0,0,150,100,0,0),(15012,'Cron\'s Daemon Summon',1,1,1,10,11,0,0,0,16,23,2,0,0,0,150,100,0,180000),(15013,'Arachnid Queen\'s Poison Cloud',1,68,4,0,0,0,202,0,4,0,15001,100,0,200,75,100,0,0),(15014,'Wizard King\'s Summoning Portal',1,68,4,0,0,0,206,207,4,0,15015,1,0,8000,100,100,5000,20000),(15015,'Wizard King\'s Summoning Effect',1,4,4,0,0,0,0,0,16,25,1,0,0,0,0,100,0,30000),(15016,'Wizard King\'s AOE Portal',1,1,16,0,0,0,206,207,4,0,15015,1,0,5000,150,100,5000,20000),(15017,'Wizard King\'s AOE',11,1,16,10,11,0,245,0,3,0,15000,100,0,0,150,200,0,0),(15018,'Imexic\'s Juxta',1,1,16,0,0,16,14,0,1,750,0,0,0,0,100,0,0,0),(15019,'Skeleton Warlock poison cloud',10,4,4,10,11,12,202,0,4,0,15001,50,0,200,70,100,0,60000),(15020,'Yan Black\'s pet summon',1,1,1,0,0,0,0,0,16,47,1,0,0,0,0,100,0,20000),(15021,'Imexic\'s Lurker Summon',1,1,1,0,0,0,0,0,16,52,1,0,0,0,0,100,0,62000),(15022,'Overcharged Lurker Dummy Charge Visual',1,1,1,0,0,54,54,0,0,0,1,0,0,0,0,100,0,0),(15023,'Overcharged Lurker Explosion',1,1,16,0,0,0,40,0,1,50000,0,0,0,0,150,100,0,0),(15024,'Yan Black\'s Pet\'s Ferocious Bite',1,2,2,0,0,0,1,0,1,1000,0,0,0,0,0,100,0,0),(15025,'Derath\'s pewpew beam',15,2,2,10,11,0,251,0,3,0,15000,1500,0,0,0,100,0,0),(15026,'Derath\'s AOE poison',1,1,16,10,11,0,10,0,6,700,1,0,0,0,150,100,0,0),(15027,'White pot raid effect',1,1,16,0,0,0,54,0,6,0,8,0,0,0,150,100,0,0),(15028,'Battle Scroll Effect',1,1,1,0,0,0,8,0,6,10,15,0,0,0,0,100,0,0),(15029,'Vis Baritus Sroll Effect',1,1,1,0,0,0,8,0,6,25,15,0,0,0,0,100,0,0);

/*Table structure for table `spell_lifetime` */

DROP TABLE IF EXISTS `spell_lifetime`;

CREATE TABLE `spell_lifetime` (
  `id` int(30) NOT NULL,
  `description` varchar(255) NOT NULL DEFAULT 'NYI',
  `lifetime` int(30) NOT NULL DEFAULT '3000',
  PRIMARY KEY (`id`)
) ENGINE=InnoDB DEFAULT CHARSET=latin1;

/*Data for the table `spell_lifetime` */

insert  into `spell_lifetime`(`id`,`description`,`lifetime`) values (135,'Ignis Fireball',3000),(202,'Venenum Nimbus',15000),(208,'Fragor Ipsum',2000),(251,'Lunae Lumen Nex Beam (core handles real time)',3000);

/*Table structure for table `tele_coords` */

DROP TABLE IF EXISTS `tele_coords`;

CREATE TABLE `tele_coords` (
  `id` int(30) NOT NULL AUTO_INCREMENT,
  `x` int(30) NOT NULL DEFAULT '0',
  `y` int(30) NOT NULL DEFAULT '0',
  `x2` int(30) NOT NULL DEFAULT '0',
  `y2` int(30) NOT NULL DEFAULT '0',
  `spelleffect` int(30) NOT NULL DEFAULT '0',
  `factionmask` int(30) NOT NULL DEFAULT '3',
  PRIMARY KEY (`id`)
) ENGINE=InnoDB AUTO_INCREMENT=19 DEFAULT CHARSET=latin1;

/*Data for the table `tele_coords` */

insert  into `tele_coords`(`id`,`x`,`y`,`x2`,`y2`,`spelleffect`,`factionmask`) values (1,368,331,612,402,0,3),(2,611,402,367,331,0,3),(3,440,398,507,348,0,3),(4,507,321,647,497,0,3),(5,647,496,507,320,0,3),(6,633,495,634,345,0,3),(7,634,346,633,496,0,3),(8,662,495,661,345,0,3),(9,661,346,662,496,0,3),(10,1166,621,557,663,0,3),(11,746,2329,46,60,5,1),(12,37,45,750,2317,5,3),(13,554,658,1154,647,0,3),(14,746,2329,2730,2730,5,2),(15,2720,2749,750,2317,5,3),(16,613,2889,823,2760,0,3),(17,2713,2296,2888,3006,0,3),(18,2888,3007,2713,2294,0,3);

/*!40101 SET SQL_MODE=@OLD_SQL_MODE */;
/*!40014 SET FOREIGN_KEY_CHECKS=@OLD_FOREIGN_KEY_CHECKS */;
